site_code;item_raw;item_phylum;item_class;item_ord;item_fam;grp1;grp3;grp6;grp7
vir;Fish;Chordata;Actinopterygii;NA;NA;Actinopterygii;Actinopterygii;Actinopterygii;Actinopterygii
vir;Cephalopods;Mollusca;Cephalopoda;NA;NA;Cephalopoda;Cephalopoda;Cephalopoda;Cephalopoda
vir;Aspidosiphon_sp;Sipuncula;Phascolosomatidea;Aspidosiphonida;Aspidosiphonidae;Sipuncula;Sipuncula;Worm;Worm
vir;Crab;Arthropoda;Malacostraca;Decapoda;NA;Brachyura;Malacostraca;Decapoda;Decapoda
vir;Polychaetes;Annelida;Polychaeta;NA;NA;Annelida;Annelida;Worm;Worm
vir;Asaphis_deflorata;Mollusca;Bivalvia;Veneroida;Psammobiidae;Bivalvia;Bivalvia;Bivalvia;Bivalvia
vir;Shrimp;Arthropoda;Malacostraca;Decapoda;NA;Shrimp;Malacostraca;Decapoda;Decapoda
vir;Hemichordates;Hemichordata;NA;NA;NA;Hemichordata;Hemichordata;Worm;Worm
vir;Stomatopod;Arthropoda;Malacostraca;Stomatopoda;NA;Stomatopoda;Malacostraca;Stomatopoda;Stomatopoda
vir;Gastropods;Mollusca;Gastropoda;NA;NA;Gastropoda;Gastropoda;Gastropoda;Gastropoda
vir;Pelecypod;Mollusca;Bivalvia;NA;NA;Bivalvia;Bivalvia;Bivalvia;Bivalvia
vir;Copepods;Arthropoda;Hexanauplia;NA;NA;Copepoda;Hexanauplia;Zooplankton;Zoopk_crust
vir;Crab_larvae;Arthropoda;Malacostraca;Decapoda;NA;Zooplankton;Malacostraca;Zooplankton;Eggs_larvae
vir;Shrimp_larvae;Arthropoda;Malacostraca;Decapoda;NA;Zooplankton;Malacostraca;Zooplankton;Eggs_larvae
vir;Pteropods_Cresis_sp;Mollusca;Gastropoda;Pteropoda;Creseidae;Pteropoda;Gastropoda;Zooplankton;Zoopk_others
vir;Fish_eggs;Chordata;Actinopterygii;NA;NA;Zooplankton;Actinopterygii;Zooplankton;Eggs_larvae
vir;Plants;NA;NA;NA;NA;Algae;Benthic autotroph;Benthic autotroph;Benthic autotroph
vir;Crab larvae;Arthropoda;Malacostraca;Decapoda;NA;Zooplankton;Malacostraca;Zooplankton;Eggs_larvae
vir;Mysids;Arthropoda;Malacostraca;Mysida;NA;Mysida;Malacostraca;Zooplankton;Zoopk_crust
vir;Appendicularians;Chordata;Appendicularia;NA;NA;Tunicata;Tunicata;Zooplankton;Zoopk_transp
vir;Stomatopod larvae;Arthropoda;Malacostraca;Stomatopoda;NA;Zooplankton;Malacostraca;Zooplankton;Eggs_larvae
vir;Eggs;NA;NA;NA;NA;Zooplankton;Eggs;Zooplankton;Eggs_larvae
vir;Gastropod larvae;Mollusca;Gastropoda;NA;NA;Zooplankton;Gastropoda;Zooplankton;Eggs_larvae
vir;Siphonophores;Cnidaria;Hydrozoa;Siphonophorae;NA;Hydrozoa;Medusozoa;Zooplankton;Zoopk_transp
vir;Pelecypod larvae;Mollusca;Bivalvia;NA;NA;Zooplankton;Bivalvia;Zooplankton;Eggs_larvae
vir;Ostracods;Arthropoda;Ostracoda;NA;NA;Ostracoda;Ostracoda;Zooplankton;Zoopk_crust
vir;Pteropods;Mollusca;Gastropoda;Pteropoda;NA;Pteropoda;Gastropoda;Zooplankton;Zoopk_others
vir;Hyperiid;Arthropoda;Malacostraca;Amphipoda;NA;Amphipoda;Malacostraca;Zooplankton;Zoopk_crust
vir;Squids;Mollusca;Cephalopoda;Teuthida;NA;Cephalopoda;Cephalopoda;Cephalopoda;Cephalopoda
vir;Anchoa_sp;Chordata;Actinopterygii;Clupeiformes;Engraulidae;Actinopterygii;Actinopterygii;Actinopterygii;Actinopterygii
vir;Lysmata_moorei;Arthropoda;Malacostraca;Decapoda;Hippolytidae;Shrimp;Malacostraca;Decapoda;Decapoda
vir;Scarus_sp;Chordata;Actinopterygii;Pleurotomariida;Scissurellidae;Actinopterygii;Actinopterygii;Actinopterygii;Actinopterygii
vir;Octopuses;Mollusca;Cephalopoda;Octopoda;NA;Cephalopoda;Cephalopoda;Cephalopoda;Cephalopoda
vir;Crab;Arthropoda;Malacostraca;Decapoda;Mithracidae;Brachyura;Malacostraca;Decapoda;Decapoda
vir;Gonodactylus_curacaoensis;Arthropoda;Malacostraca;Stomatopoda;Gonodactylidae;Stomatopoda;Malacostraca;Stomatopoda;Stomatopoda
vir;Echinoids;Echinodermata;Echinoidea;NA;NA;Echinoidea;Echinoidea;Echinoidea;Echinoidea
vir;Haemulon_aurolineatum;Chordata;Actinopterygii;Lutjaniformes;Haemulidae;Actinopterygii;Actinopterygii;Actinopterygii;Actinopterygii
vir;Gastropods larvae;Mollusca;Gastropoda;NA;NA;Zooplankton;Gastropoda;Zooplankton;Eggs_larvae
vir;Jenkinsia_sp;Chordata;Actinopterygii;Clupeiformes;Clupeidae;Actinopterygii;Actinopterygii;Actinopterygii;Actinopterygii
vir;Carpenter_ants;Arthropoda;Insecta;Hymenoptera;NA;Insecta;Insecta;Insecta;Insecta
vir;Fish;Chordata;Actinopterygii;NA;NA;Actinopterygii;Actinopterygii;Actinopterygii;Actinopterygii
vir;Hermit_crab;Arthropoda;Malacostraca;Decapoda;NA;Anomura;Malacostraca;Decapoda;Decapoda
vir;Insecta;Arthropoda;Insecta;NA;NA;Insecta;Insecta;Insecta;Insecta
vir;Shrimp;Arthropoda;Malacostraca;Decapoda;NA;Shrimp;Malacostraca;Decapoda;Decapoda
vir;Cavolinids;Mollusca;Gastropoda;Pteropoda;Cavoliniidae;Pteropoda;Gastropoda;Zooplankton;Zoopk_others
vir;Seagrass;Tracheophyta;NA;NA;NA;Seagrass;Benthic autotroph;Benthic autotroph;Benthic autotroph
vir;Carideans;Arthropoda;Malacostraca;Decapoda;NA;Shrimp;Malacostraca;Decapoda;Decapoda
vir;Gastropods;Mollusca;Gastropoda;Trochida;Phasianellidae;Gastropoda;Gastropoda;Gastropoda;Gastropoda
vir;Isopods;Arthropoda;Malacostraca;Isopoda;NA;Isopoda;Malacostraca;Zooplankton;Zoopk_crust
vir;Stomatopod_larvae;Arthropoda;Malacostraca;Stomatopoda;NA;Zooplankton;Malacostraca;Zooplankton;Eggs_larvae
vir;Ophiurids;Echinodermata;Ophiuroidea;NA;NA;Ophiuroidea;Ophiuroidea;Ophiuroidea;Ophiuroidea
vir;Exocorallina_antillensis;Arthropoda;Malacostraca;Isopoda;Corallanidae;Isopoda;Malacostraca;Zooplankton;Zoopk_crust
vir;Acanthochitona_pygmaea;Mollusca;Polyplacophora;Chitonida;Acanthochitonidae;Polyplacophora;Polyplacophora;Polyplacophora;Polyplacophora
vir;shrimp_larvae;Arthropoda;Malacostraca;Decapoda;NA;Zooplankton;Malacostraca;Zooplankton;Eggs_larvae
vir;Choneplax_lata;Mollusca;Polyplacophora;Chitonida;Acanthochitonidae;Polyplacophora;Polyplacophora;Polyplacophora;Polyplacophora
vir;Acanthurus_sp;Chordata;Actinopterygii;Acanthuriformes;Acanthuridae;Actinopterygii;Actinopterygii;Actinopterygii;Actinopterygii
vir;Fish_larvae;Chordata;Actinopterygii;NA;NA;Zooplankton;Actinopterygii;Zooplankton;Eggs_larvae
vir;Cephalopod larvae;Mollusca;Cephalopoda;NA;NA;Zooplankton;Cephalopoda;Zooplankton;Eggs_larvae
vir;Hermit_crab_larvae;Arthropoda;Malacostraca;Decapoda;NA;Zooplankton;Malacostraca;Zooplankton;Eggs_larvae
vir;Scyllaridae_larvae;Arthropoda;Malacostraca;Decapoda;Scyllaridae;Zooplankton;Malacostraca;Zooplankton;Eggs_larvae
vir;Polychaeta_larvae;Annelida;Polychaeta;NA;NA;Zooplankton;Annelida;Zooplankton;Eggs_larvae
vir;Fish_scales;Chordata;Actinopterygii;NA;NA;Actinopterygii;Actinopterygii;Actinopterygii;Actinopterygii
vir;Barnacle appendages and larvae;Arthropoda;Hexanauplia;NA;NA;Cirripedia;Hexanauplia;Cirripedia;Cirripedia
vir;Foraminifera;Foraminifera;NA;NA;NA;Foraminifera;Foraminifera;Foraminifera;Foraminifera
vir;Alpheids;Arthropoda;Malacostraca;Decapoda;Alpheidae;Shrimp;Malacostraca;Decapoda;Decapoda
vir;Gastropods;Mollusca;Gastropoda;Trochida;Tegulidae;Gastropoda;Gastropoda;Gastropoda;Gastropoda
vir;Acanthochiton_hemphili;Mollusca;Polyplacophora;Chitonida;Acanthochitonidae;Polyplacophora;Polyplacophora;Polyplacophora;Polyplacophora
vir;Gonodactylus_oerstedii;Arthropoda;Malacostraca;Stomatopoda;Gonodactylidae;Stomatopoda;Malacostraca;Stomatopoda;Stomatopoda
vir;Octopus_briareus;Mollusca;Cephalopoda;Octopoda;Octopodidae;Cephalopoda;Cephalopoda;Cephalopoda;Cephalopoda
vir;Echiuroids;Annelida;Polychaeta;Echiura;NA;Annelida;Annelida;Worm;Worm
vir;Panulirus_argus;Arthropoda;Malacostraca;Decapoda;Palinuridae;Achelata;Malacostraca;Decapoda;Decapoda
vir;Scyllarides_aequinoctialis;Arthropoda;Malacostraca;Decapoda;Scyllaridae;Achelata;Malacostraca;Decapoda;Decapoda
vir;Eretmochelys_imbricata;Chordata;Reptilia;Testudines;Cheloniidae;Sea turtles;Sea turtles;Sea turtles;Sea turtles
vir;Spiny_lobster;Arthropoda;Malacostraca;Decapoda;Palinuridae;Achelata;Malacostraca;Decapoda;Decapoda
vir;Gastropods;Mollusca;Gastropoda;Littorinimorpha;Strombidae;Gastropoda;Gastropoda;Gastropoda;Gastropoda
vir;Barbatia_cancellaria;Mollusca;Bivalvia;Arcoida;Arcidae;Bivalvia;Bivalvia;Bivalvia;Bivalvia
vir;Blenniidae;Chordata;Actinopterygii;Blenniiformes;Blenniidae;Actinopterygii;Actinopterygii;Actinopterygii;Actinopterygii
vir;Periclimenes_sp;Arthropoda;Malacostraca;Decapoda;Palaemonidae;Shrimp;Malacostraca;Decapoda;Decapoda
vir;Sepiatheuthis_sepioidae;Mollusca;Cephalopoda;Teuthida;Loliginidae;Cephalopoda;Cephalopoda;Cephalopoda;Cephalopoda
vir;Tozeuma_sp;Arthropoda;Malacostraca;Decapoda;Hippolytidae;Shrimp;Malacostraca;Decapoda;Decapoda
vir;Salps;Chordata;Thaliacea;Salpida;Salpidae;Tunicata;Tunicata;Zooplankton;Zoopk_transp
vir;Lucifer_faxani;Arthropoda;Malacostraca;Decapoda;Luciferidae;Shrimp;Malacostraca;Decapoda;Decapoda
vir;Gastropoda_larvae;Mollusca;Gastropoda;NA;NA;Zooplankton;Gastropoda;Zooplankton;Eggs_larvae
vir;Eggs_unid;NA;NA;NA;NA;Zooplankton;Eggs;Zooplankton;Eggs_larvae
vir;Pseudosquilla_ciliata;Arthropoda;Malacostraca;Stomatopoda;Pseudosquillidae;Stomatopoda;Malacostraca;Stomatopoda;Stomatopoda
vir;Amphipoda;Arthropoda;Malacostraca;Amphipoda;NA;Amphipoda;Malacostraca;Zooplankton;Zoopk_crust
vir;Tanaid;Arthropoda;Malacostraca;Tanaidacea;NA;Tanaidacea;Malacostraca;Zooplankton;Zoopk_crust
vir;Alpheids_larvae;Arthropoda;Malacostraca;Decapoda;Alpheidae;Zooplankton;Malacostraca;Zooplankton;Eggs_larvae
vir;Opheliids;Annelida;Polychaeta;NA;Opheliidae;Annelida;Annelida;Worm;Worm
vir;Eunicids;Annelida;Polychaeta;Eunicida;NA;Annelida;Annelida;Worm;Worm
vir;Oxystomata;Arthropoda;Malacostraca;Decapoda;NA;Brachyura;Malacostraca;Decapoda;Decapoda
vir;Octopoda_larvae;Mollusca;Cephalopoda;Octopoda;NA;Zooplankton;Malacostraca;Zooplankton;Eggs_larvae
vir;Petrochirus_diogenes;Arthropoda;Malacostraca;Decapoda;Diogenidae;Anomura;Malacostraca;Decapoda;Decapoda
vir;Penaeidae;Arthropoda;Malacostraca;Decapoda;Penaeidae;Shrimp;Malacostraca;Decapoda;Decapoda
vir;Lysiosquilla_glabriuscula;Arthropoda;Malacostraca;Stomatopoda;Lysiosquillidae;Stomatopoda;Malacostraca;Stomatopoda;Stomatopoda
vir;Scyllarid_lobster;Arthropoda;Malacostraca;Decapoda;Scyllaridae;Achelata;Malacostraca;Decapoda;Decapoda
vir;Octopus_vulgaris;Mollusca;Cephalopoda;Octopoda;Octopodidae;Cephalopoda;Cephalopoda;Cephalopoda;Cephalopoda
vir;Pteropods_Cavolina_sp;Mollusca;Gastropoda;Pteropoda;Cavoliniidae;Pteropoda;Gastropoda;Zooplankton;Zoopk_others
vir;Tunicates;Chordata;NA;NA;NA;Tunicata;Tunicata;Tunicata;Tunicata
vir;Ctenophores;Ctenophora;NA;NA;NA;Ctenophora;Ctenophora;Zooplankton;Zoopk_transp
vir;Heteropods;Arthropoda;Arachnida;Araneae;NA;Arachnida;Arachnida;Arachnida;Arachnida
vir;Euphausids;Arthropoda;Malacostraca;Euphausiacea;NA;Euphausiacea;Malacostraca;Zooplankton;Zoopk_crust
vir;Hymenopteran insect;Arthropoda;Insecta;Hymenoptera;NA;Insecta;Insecta;Insecta;Insecta
vir;Diadema_antillarum;Echinodermata;Echinoidea;Diadematoida;Diadematidae;Echinoidea;Echinoidea;Echinoidea;Echinoidea
vir;Linckia_guildingii;Echinodermata;Asteroidea;Valvatida;Ophidiasteridae;Asteroidea;Asteroidea;Asteroidea;Asteroidea
vir;Anthozoa;Cnidaria;Anthozoa;NA;NA;Anthozoa;Anthozoa;Anthozoa;Anthozoa
vir;Serpulids;Annelida;Polychaeta;Sabellida;Serpulidae;Annelida;Annelida;Worm;Worm
vir;Sponges;Porifera;NA;NA;NA;Porifera;Porifera;Porifera;Porifera
vir;Ophiothrix_sp;Echinodermata;Ophiuroidea;Ophiurida;Ophiotrichidae;Ophiuroidea;Ophiuroidea;Ophiuroidea;Ophiuroidea
vir;Eunice_sp;Annelida;Polychaeta;Eunicida;Eunicidae;Annelida;Annelida;Worm;Worm
vir;Harpacticoida;Arthropoda;Hexanauplia;Harpacticoida;NA;Copepoda;Hexanauplia;Zooplankton;Zoopk_crust
vir;Trididemnum_savignii;Chordata;Ascidiacea;Enterogona;Didemnidae;Tunicata;Tunicata;Tunicata;Tunicata
vir;Apseudid;Arthropoda;Malacostraca;Tanaidacea;Apseudidae;Tanaidacea;Malacostraca;Zooplankton;Zoopk_crust
vir;Chitons;Mollusca;Polyplacophora;NA;NA;Polyplacophora;Polyplacophora;Polyplacophora;Polyplacophora
vir;Nebalia_sp;Arthropoda;Malacostraca;Leptostraca;Nebaliidae;Leptostraca;Malacostraca;Zooplankton;Zoopk_crust
vir;Dentalium_sp;Mollusca;Scaphopoda;Dentaliida;Dentaliidae;Scaphopoda;Scaphopoda;Scaphopoda;Scaphopoda
vir;Sipunculids;Sipuncula;Phascolosomatidea;Aspidosiphonida;Aspidosiphonidae;Sipuncula;Sipuncula;Worm;Worm
vir;Arabellids;Annelida;Polychaeta;Eunicida;Arabellidae;Annelida;Annelida;Worm;Worm
vir;Gastropods;Mollusca;Gastropoda;Neogastropoda;Olividae;Gastropoda;Gastropoda;Gastropoda;Gastropoda
vir;Monacanthidae;Chordata;Actinopterygii;Tetraodontiformes;Monacanthidae;Actinopterygii;Actinopterygii;Actinopterygii;Actinopterygii
vir;Squilla_tricarinata;Arthropoda;Malacostraca;Stomatopoda;Squillidae;Stomatopoda;Malacostraca;Stomatopoda;Stomatopoda
vir;Priapuloids;Cephalorynchia;Priapulida;NA;NA;Priapulida;Priapulida;Worm;Worm
vir;Caprellids;Arthropoda;Malacostraca;Amphipoda;Caprellidae;Amphipoda;Malacostraca;Zooplankton;Zoopk_crust
vir;Scaphopods;Mollusca;Scaphopoda;NA;NA;Scaphopoda;Scaphopoda;Scaphopoda;Scaphopoda
vir;Bryozoa;Bryozoa;NA;NA;NA;Bryozoa;Bryozoa;Bryozoa;Bryozoa
vir;Chloeia_sp;Annelida;Polychaeta;Eunicida;Amphinomidae;Annelida;Annelida;Worm;Worm
vir;Undinula_vulgaris;Arthropoda;Hexanauplia;Calanoida;Calanidae;Copepoda;Hexanauplia;Zooplankton;Zoopk_crust
vir;Gastropoda;Mollusca;Gastropoda;NA;NA;Gastropoda;Gastropoda;Gastropoda;Gastropoda
vir;Solemya_occidentalis;Mollusca;Bivalvia;Solemyida;Solemyidae;Bivalvia;Bivalvia;Bivalvia;Bivalvia
vir;Barnacle larvae;Arthropoda;Hexanauplia;NA;NA;Zooplankton;Hexanauplia;Zooplankton;Eggs_larvae
vir;Ischnochiton_papillosus;Mollusca;Polyplacophora;Chitonida;Ischnochitonidae;Polyplacophora;Polyplacophora;Polyplacophora;Polyplacophora
vir;Barnacle appendages;Arthropoda;Hexanauplia;NA;NA;Cirripedia;Hexanauplia;Cirripedia;Cirripedia
vir;Laevicardium_sp;Mollusca;Bivalvia;Veneroida;Cardiidae;Bivalvia;Bivalvia;Bivalvia;Bivalvia
vir;Gastropods;Mollusca;Gastropoda;Cephalaspidea;Haminoeidae;Gastropoda;Gastropoda;Gastropoda;Gastropoda
vir;Aspidosiphon_sp;Sipuncula;Phascolosomatidea;Aspidosiphonida;Aspidosiphonidae;Sipuncula;Sipuncula;Worm;Worm
vir;Holothurians;Echinodermata;Holothuroidea;NA;NA;Holothuroidea;Holothuroidea;Holothuroidea;Holothuroidea
vir;Gastropods;Mollusca;Gastropoda;Trochida;Areneidae;Gastropoda;Gastropoda;Gastropoda;Gastropoda
vir;Olivella_sp;Mollusca;Gastropoda;Neogastropoda;Olividae;Gastropoda;Gastropoda;Gastropoda;Gastropoda
vir;Phyllactis_flosculifera;Cnidaria;Anthozoa;Actiniaria;Actiniidae;Actiniaria;Anthozoa;Anthozoa;Anthozoa
vir;Cadulus_sp;Mollusca;Scaphopoda;Gadilida;Gadilidae;Scaphopoda;Scaphopoda;Scaphopoda;Scaphopoda
vir;Mithrax_sp;Arthropoda;Malacostraca;Decapoda;Mithracidae;Brachyura;Malacostraca;Decapoda;Decapoda
vir;Gastropoda;Mollusca;Gastropoda;NA;NA;Gastropoda;Gastropoda;Gastropoda;Gastropoda
vir;Thyone_pseudofusus;Echinodermata;Holothuroidea;Dendrochirotida;Phyllophoridae;Holothuroidea;Holothuroidea;Holothuroidea;Holothuroidea
vir;Cumingia_antillarum;Mollusca;Bivalvia;Veneroida;Semelidae;Bivalvia;Bivalvia;Bivalvia;Bivalvia
vir;Algae;NA;NA;NA;NA;Algae;Benthic autotroph;Benthic autotroph;Benthic autotroph
vir;Eggs_invert;NA;NA;NA;NA;Zooplankton;Eggs;Zooplankton;Eggs_larvae
vir;Pinctada_radiata;Mollusca;Bivalvia;Pterioida;Pteriidae;Bivalvia;Bivalvia;Bivalvia;Bivalvia
vir;Turbo_castanea;Mollusca;Gastropoda;Trochida;Turbinidae;Gastropoda;Gastropoda;Gastropoda;Gastropoda
vir;Majids;Arthropoda;Malacostraca;Decapoda;Majidae;Brachyura;Malacostraca;Decapoda;Decapoda
vir;Polyplacophores;Mollusca;Polyplacophora;NA;NA;Polyplacophora;Polyplacophora;Polyplacophora;Polyplacophora
vir;Acmaeids;Mollusca;Gastropoda;NA;Acmaeidae;Gastropoda;Gastropoda;Gastropoda;Gastropoda
vir;Cymodocea_manatorum;Tracheophyta;Magnoliopsida;Alismatales;Cymodoceaceae;Seagrass;Benthic autotroph;Benthic autotroph;Benthic autotroph
vir;Gammarids;Arthropoda;Malacostraca;Amphipoda;Gammaridae;Amphipoda;Malacostraca;Zooplankton;Zoopk_crust
vir;Eunicids;Annelida;Polychaeta;Eunicida;Eunicidae;Annelida;Annelida;Worm;Worm
vir;Tellina_sp;Mollusca;Bivalvia;Veneroida;Tellinidae;Bivalvia;Bivalvia;Bivalvia;Bivalvia
vir;Petrolisthes_galathinus;Arthropoda;Malacostraca;Decapoda;Porcellanidae;Anomura;Malacostraca;Decapoda;Decapoda
vir;Hipponix_subrufus;Mollusca;Gastropoda;Littorinimorpha;Hipponicidae;Gastropoda;Gastropoda;Gastropoda;Gastropoda
vir;Excorallana_antillensis;Arthropoda;Malacostraca;Isopoda;Corallanidae;Isopoda;Malacostraca;Zooplankton;Zoopk_crust
vir;Portunidae;Arthropoda;Malacostraca;Decapoda;Portunidae;Brachyura;Malacostraca;Decapoda;Decapoda
vir;Aspidosiphon_cumingi;Sipuncula;Phascolosomatidea;Aspidosiphonida;Aspidosiphonidae;Sipuncula;Sipuncula;Worm;Worm
vir;Turbonilla_sp;Mollusca;Gastropoda;NA;Pyramidellidae;Gastropoda;Gastropoda;Gastropoda;Gastropoda
vir;Gonodactylus_sp;Arthropoda;Malacostraca;Stomatopoda;Gonodactylidae;Stomatopoda;Malacostraca;Stomatopoda;Stomatopoda
vir;Spatangoids;Echinodermata;Echinoidea;Spatangoida;NA;Echinoidea;Echinoidea;Echinoidea;Echinoidea
vir;Cantherhines_pullus;Chordata;Actinopterygii;Tetraodontiformes;Monacanthidae;Actinopterygii;Actinopterygii;Actinopterygii;Actinopterygii
vir;Fish_parts;Chordata;Actinopterygii;NA;NA;Actinopterygii;Actinopterygii;Actinopterygii;Actinopterygii
vir;Pteropoda_Cavolina_sp;Mollusca;Gastropoda;Pteropoda;Cavoliniidae;Pteropoda;Gastropoda;Zooplankton;Zoopk_others
vir;Candacia_pachydactyla;Arthropoda;Hexanauplia;Calanoida;Candaciidae;Copepoda;Hexanauplia;Zooplankton;Zoopk_crust
vir;Pteropoda_Cavolina_longirostris;Mollusca;Gastropoda;Pteropoda;Cavoliniidae;Pteropoda;Gastropoda;Zooplankton;Zoopk_others
vir;Hippids;Arthropoda;Malacostraca;Decapoda;Hippidae;Anomura;Malacostraca;Decapoda;Decapoda
vir;Pteropoda;Mollusca;Gastropoda;Pteropoda;NA;Pteropoda;Gastropoda;Zooplankton;Zoopk_others
vir;Engraulidae;Chordata;Actinopterygii;Clupeiformes;Engraulidae;Actinopterygii;Actinopterygii;Actinopterygii;Actinopterygii
vir;Paguristes_grayi;Arthropoda;Malacostraca;Decapoda;Diogenidae;Anomura;Malacostraca;Decapoda;Decapoda
vir;Cymothoids;Arthropoda;Malacostraca;Isopoda;Cymothoidae;Isopoda;Malacostraca;Zooplankton;Zoopk_crust
vir;Zoanthus_sociatus;Cnidaria;Anthozoa;Zoantharia;Zoanthidae;Zoantharia;Anthozoa;Anthozoa;Anthozoa
vir;Opisthobranchia_Tridachia_crispata;Mollusca;Gastropoda;NA;Plakobranchidae;Gastropoda;Gastropoda;Gastropoda;Gastropoda
vir;Ants;Arthropoda;Insecta;Hymenoptera;NA;Insecta;Insecta;Insecta;Insecta
vir;Porcellanidae;Arthropoda;Malacostraca;Decapoda;Porcellanidae;Anomura;Malacostraca;Decapoda;Decapoda
vir;Hydrozoa;Cnidaria;Hydrozoa;NA;NA;Hydrozoa;Medusozoa;Medusozoa;Hydrozoa
vir;Scleractinia;Cnidaria;Anthozoa;Scleractinia;NA;Scleractinia;Anthozoa;Anthozoa;Anthozoa
vir;Zoanthus_sp;Cnidaria;Anthozoa;Zoantharia;Zoanthidae;Zoantharia;Anthozoa;Anthozoa;Anthozoa
vir;Scyphozoans;Cnidaria;Scyphozoa;NA;NA;Scyphozoa;Medusozoa;Medusozoa;Hydrozoa
vir;Fish;Chordata;Actinopterygii;Perciformes;Pomacentridae;Actinopterygii;Actinopterygii;Actinopterygii;Actinopterygii
vir;Thalassia_testudinum;Tracheophyta;Magnoliopsida;Alismatales;Hydrocharitaceae;Seagrass;Benthic autotroph;Benthic autotroph;Benthic autotroph
vir;Oncaea_sp;Arthropoda;Hexanauplia;Poecilostomatoida;Oncaeidae;Copepoda;Hexanauplia;Zooplankton;Zoopk_crust
vir;Diodora_variegata;Mollusca;Gastropoda;Lepetellida;Fissurellidae;Gastropoda;Gastropoda;Gastropoda;Gastropoda
vir;Palaemonids;Arthropoda;Malacostraca;Decapoda;Palaemonidae;Shrimp;Malacostraca;Decapoda;Decapoda
vir;Clibanarius_sp;Arthropoda;Malacostraca;Decapoda;Diogenidae;Anomura;Malacostraca;Decapoda;Decapoda
vir;Paracerceis_caudata;Arthropoda;Malacostraca;Isopoda;Sphaeromatidae;Isopoda;Malacostraca;Zooplankton;Zoopk_crust
vir;Calloplax_janeirensis;Mollusca;Polyplacophora;Chitonida;Callistoplacidae;Polyplacophora;Polyplacophora;Polyplacophora;Polyplacophora
vir;Ampharetids;Annelida;Polychaeta;Terebellida;Ampharetidae;Annelida;Annelida;Worm;Worm
vir;Arcopsis_adamsi;Mollusca;Bivalvia;Arcoida;Noetiidae;Bivalvia;Bivalvia;Bivalvia;Bivalvia
vir;Echinometra_sp;Echinodermata;Echinoidea;Echinoida;Echinometridae;Echinoidea;Echinoidea;Echinoidea;Echinoidea
vir;Bivalvia;Mollusca;Bivalvia;NA;NA;Bivalvia;Bivalvia;Bivalvia;Bivalvia
vir;Cymadusa_sp;Arthropoda;Malacostraca;Amphipoda;Ampithoidae;Amphipoda;Malacostraca;Zooplankton;Zoopk_crust
vir;Barnacles;Arthropoda;Hexanauplia;NA;NA;Cirripedia;Hexanauplia;Cirripedia;Cirripedia
vir;Gnathiids;Arthropoda;Malacostraca;Isopoda;Gnathiidae;Isopoda;Malacostraca;Zooplankton;Zoopk_crust
vir;Pycnogonids;Arthropoda;Pycnogonida;NA;NA;Pycnogonida;Pycnogonida;Pycnogonida;Pycnogonida
vir;Mollusk_eggs;Mollusca;NA;NA;NA;Zooplankton;Eggs;Zooplankton;Eggs_larvae
vir;Scleractinia_frags;Cnidaria;Anthozoa;Scleractinia;NA;Scleractinia;Anthozoa;Anthozoa;Anthozoa
vir;Echinoids_frags;Echinodermata;Echinoidea;NA;NA;Echinoidea;Echinoidea;Echinoidea;Echinoidea
vir;Sponges_spicules;Porifera;NA;NA;NA;Porifera;Porifera;Porifera;Porifera
vir;Gorgonians;Cnidaria;Anthozoa;Alcyonacea;NA;Octocorallia;Anthozoa;Anthozoa;Anthozoa
vir;Corypterus_sp;Chordata;Actinopterygii;Gobiiformes;Gobiidae;Actinopterygii;Actinopterygii;Actinopterygii;Actinopterygii
vir;Gastropods;Mollusca;Gastropoda;NA;Acmaeidae;Gastropoda;Gastropoda;Gastropoda;Gastropoda
vir;Gastropods;Mollusca;Gastropoda;NA;Acmaeidae;Gastropoda;Gastropoda;Gastropoda;Gastropoda
vir;Echinometra_lacunter;Echinodermata;Echinoidea;Echinoida;Echinometridae;Echinoidea;Echinoidea;Echinoidea;Echinoidea
vir;Barnacle_larvae;Arthropoda;Hexanauplia;NA;NA;Zooplankton;Hexanauplia;Zooplankton;Eggs_larvae
vir;Holocanthus_sp;Chordata;Actinopterygii;Tetraodontiformes;Tetraodontidae;Actinopterygii;Actinopterygii;Actinopterygii;Actinopterygii
vir;Zoantharia;Cnidaria;Anthozoa;Zoantharia;NA;Zoantharia;Anthozoa;Anthozoa;Anthozoa
vir;Sabellastarte_magnifica;Annelida;Polychaeta;Sabellida;Sabellidae;Annelida;Annelida;Worm;Worm
vir;Muricea_laxa;Cnidaria;Anthozoa;Alcyonacea;Plexauridae;Octocorallia;Anthozoa;Anthozoa;Anthozoa
vir;Gastropoda_eggs;Mollusca;Gastropoda;NA;NA;Zooplankton;Gastropoda;Zooplankton;Eggs_larvae
vir;Scleractinia_Oculina_diffusa;Cnidaria;Anthozoa;Scleractinia;Oculinidae;Scleractinia;Anthozoa;Anthozoa;Anthozoa
vir;Palinuridae_larvae;Arthropoda;Malacostraca;Decapoda;NA;Zooplankton;Malacostraca;Zooplankton;Eggs_larvae
vir;Didemnid;Chordata;Ascidiacea;Enterogona;Didemnidae;Tunicata;Tunicata;Tunicata;Tunicata
vir;Bunodactis_stelloides;Cnidaria;Anthozoa;Actiniaria;Actiniidae;Actiniaria;Anthozoa;Anthozoa;Anthozoa
vir;Pterogorgia_sp;Cnidaria;Anthozoa;Alcyonacea;Gorgoniidae;Octocorallia;Anthozoa;Anthozoa;Anthozoa
vir;Ruppia_maritima;Tracheophyta;Magnoliopsida;Alismatales;Cymodoceaceae;Seagrass;Benthic autotroph;Benthic autotroph;Benthic autotroph
vir;Tunicates;Chordata;Ascidiacea;NA;NA;Tunicata;Tunicata;Tunicata;Tunicata
vir;Gorgonia_flabellum;Cnidaria;Anthozoa;Alcyonacea;Gorgoniidae;Octocorallia;Anthozoa;Anthozoa;Anthozoa
vir;Spermatophyta;Tracheophyta;NA;NA;NA;Seagrass;Benthic autotroph;Benthic autotroph;Benthic autotroph
vir;Wormtube_noncalcareous;Annelida;NA;NA;NA;Annelida;Annelida;Worm;Worm
vir;Nudibranch eggs;Mollusca;Gastropoda;Nudibranchia;NA;Zooplankton;Gastropoda;Zooplankton;Eggs_larvae
vir;Gorgonian_frags;Cnidaria;Anthozoa;Alcyonacea;NA;Octocorallia;Anthozoa;Anthozoa;Anthozoa
vir;Dardanus_venosus;Arthropoda;Malacostraca;Decapoda;Diogenidae;Anomura;Malacostraca;Decapoda;Decapoda
vir;Asteroids;Echinodermata;Asteroidea;NA;NA;Asteroidea;Asteroidea;Asteroidea;Asteroidea
vir;Scleractinia_Cladocora_arbuscula;Cnidaria;Anthozoa;Scleractinia;NA;Scleractinia;Anthozoa;Anthozoa;Anthozoa
vir;Anthozoa_nocorals;Cnidaria;Anthozoa;NA;NA;Anthozoa;Anthozoa;Anthozoa;Anthozoa
vir;Isopods_larvae;Arthropoda;Malacostraca;Isopoda;NA;Zooplankton;Malacostraca;Zooplankton;Eggs_larvae
vir;Sargassum_sp;Ochrophyta;Phaeophyceae;Fucales;Sargassaceae;Algae;Benthic autotroph;Benthic autotroph;Benthic autotroph
vir;Scleractinia_Colpophyllia_sp;Cnidaria;Anthozoa;Scleractinia;Faviidae;Scleractinia;Anthozoa;Anthozoa;Anthozoa
vir;Pelecypod_larvae;Mollusca;Bivalvia;NA;NA;Zooplankton;Bivalvia;Zooplankton;Eggs_larvae
vir;Halimeda_sp;Chlorophyta;Ulvophyceae;Bryopsidales;Halimedaceae;Algae;Benthic autotroph;Benthic autotroph;Benthic autotroph
vir;Clibanarius_tricolor;Arthropoda;Malacostraca;Decapoda;Diogenidae;Anomura;Malacostraca;Decapoda;Decapoda
vir;Gastropods;Mollusca;Gastropoda;Neogastropoda;Columbellidae;Gastropoda;Gastropoda;Gastropoda;Gastropoda
vir;Sertularia_sp;Cnidaria;Hydrozoa;Leptothecata;Sertulariidae;Hydrozoa;Medusozoa;Zooplankton;Zoopk_transp
vir;Zoanthus;Cnidaria;Anthozoa;Zoantharia;Zoanthidae;Zoantharia;Anthozoa;Anthozoa;Anthozoa
vir;Papyridea_sp;Mollusca;Bivalvia;Veneroida;Cardiidae;Bivalvia;Bivalvia;Bivalvia;Bivalvia
vir;Hydroids;Cnidaria;Hydrozoa;NA;NA;Hydrozoa;Medusozoa;Medusozoa;Hydrozoa
vir;Orgmaterial_unid;NA;NA;NA;NA;Detritus;Detritus;Detritus;Detritus
vir;Alcyonaria;Cnidaria;Anthozoa;NA;NA;Octocorallia;Anthozoa;Anthozoa;Anthozoa
vir;Gastropods;Mollusca;Gastropoda;Neogastropoda;Turbinellidae;Gastropoda;Gastropoda;Gastropoda;Gastropoda
vir;Pagurus_bonairensis;Arthropoda;Malacostraca;Decapoda;Paguridae;Anomura;Malacostraca;Decapoda;Decapoda
vir;Alcyonacea;Cnidaria;Anthozoa;Alcyonacea;Plexauridae;Octocorallia;Anthozoa;Anthozoa;Anthozoa
vir;Caulerpa_racemosa;Chlorophyta;Ulvophyceae;Bryopsidales;Caulerpaceae;Algae;Benthic autotroph;Benthic autotroph;Benthic autotroph
vir;Oreaster_reticulata;Echinodermata;Asteroidea;Valvatida;Oreasteridae ;Asteroidea;Asteroidea;Asteroidea;Asteroidea
vir;Lytechinus_variegatus;Echinodermata;Echinoidea;Temnopleuroida;Toxopneustidae;Echinoidea;Echinoidea;Echinoidea;Echinoidea
vir;Microcosmus_exasperatus;Chordata;Ascidiacea;Stolidobranchia;Pyuridae;Tunicata;Tunicata;Tunicata;Tunicata
vir;Holothuria_arenicola;Echinodermata;Holothuroidea;Aspidochirotida;Holothuriidae;Holothuroidea;Holothuroidea;Holothuroidea;Holothuroidea
vir;Amphiopods;Arthropoda;Malacostraca;Amphipoda;NA;Amphipoda;Malacostraca;Zooplankton;Zoopk_crust
vir;Acanthochitona_sp;Mollusca;Polyplacophora;Chitonida;Acanthochitonidae;Polyplacophora;Polyplacophora;Polyplacophora;Polyplacophora
vir;Onuphids;Annelida;Polychaeta;Eunicida;Onuphidae;Annelida;Annelida;Worm;Worm
vir;Aspidosiphon_spinososcutatus;Sipuncula;Phascolosomatidea;Aspidosiphonida;Aspidosiphonidae;Sipuncula;Sipuncula;Worm;Worm
vir;Mycale_sp;Porifera;Demospongiae;Poecilosclerida;Mycalidae;Porifera;Porifera;Porifera;Porifera
vir;Stenorhynchus_seticornis;Arthropoda;Malacostraca;Decapoda;Inachidae;Brachyura;Malacostraca;Decapoda;Decapoda
vir;Astropecten_sp;Echinodermata;Asteroidea;Paxillosida;Astropectinidae;Asteroidea;Asteroidea;Asteroidea;Asteroidea
vir;Pennaria_sp;Cnidaria;Hydrozoa;Anthoathecata;Pennariidae;Hydrozoa;Medusozoa;Medusozoa;Hydrozoa
vir;Trididemnum_sp;Chordata;Ascidiacea;Enterogona;Didemnidae;Tunicata;Tunicata;Tunicata;Tunicata
vir;Pinctada_sp;Mollusca;Bivalvia;Pterioida;Pteriidae;Bivalvia;Bivalvia;Bivalvia;Bivalvia
vir;Eucidaris_tribuloides;Echinodermata;Echinoidea;Cidaroida;Cidaridae;Echinoidea;Echinoidea;Echinoidea;Echinoidea
vir;Haemulon_carbonarium;Chordata;Actinopterygii;Lutjaniformes;Haemulidae;Actinopterygii;Actinopterygii;Actinopterygii;Actinopterygii
vir;Percnon_gibbesi;Arthropoda;Malacostraca;Decapoda;Plagusiidae;Brachyura;Malacostraca;Decapoda;Decapoda
vir;Valonia_utricularis;Chlorophyta;Ulvophyceae;Cladophorales;Valoniaceae;Algae;Benthic autotroph;Benthic autotroph;Benthic autotroph
vir;Tetraodontidae;Chordata;Actinopterygii;Tetraodontiformes;Tetraodontidae;Actinopterygii;Actinopterygii;Actinopterygii;Actinopterygii
vir;Barnacle;Arthropoda;Hexanauplia;NA;NA;Cirripedia;Hexanauplia;Cirripedia;Cirripedia
vir;Algae&orgdetritus;NA;NA;NA;NA;Detritus;Detritus;Detritus;Detritus
vir;Algae&orgdetritus;NA;NA;NA;NA;Algae;Benthic autotroph;Benthic autotroph;Benthic autotroph
vir;Algae&detritus;NA;NA;NA;NA;Detritus;Detritus;Detritus;Detritus
vir;Algae&detritus;NA;NA;NA;NA;Algae;Benthic autotroph;Benthic autotroph;Benthic autotroph
mari;Copepods;Arthropoda;Hexanauplia;NA;NA;Copepoda;Hexanauplia;Zooplankton;Zoopk_crust
mari;Shrimp_larvae;Arthropoda;Malacostraca;Decapoda;NA;Zooplankton;Malacostraca;Zooplankton;Eggs_larvae
mari;Ostracods;Arthropoda;Ostracoda;NA;NA;Ostracoda;Ostracoda;Zooplankton;Zoopk_crust
mari;Crab_zoeae;Arthropoda;Malacostraca;Decapoda;NA;Zooplankton;Malacostraca;Zooplankton;Eggs_larvae
mari;Protoconch;Mollusca;Gastropoda;NA;NA;Zooplankton;Gastropoda;Zooplankton;Eggs_larvae
mari;Polychaeta;Annelida;Polychaeta;NA;NA;Annelida;Annelida;Worm;Worm
mari;Shrimp_frags;Arthropoda;Malacostraca;Decapoda;NA;Shrimp;Malacostraca;Decapoda;Decapoda
mari;Calcarina_sp;Foraminifera;Globothalamea;Rotaliida;Calcarinidae;Foraminifera;Foraminifera;Foraminifera;Foraminifera
mari;Xanthid crab;Arthropoda;Malacostraca;Decapoda;Xanthidae;Brachyura;Malacostraca;Decapoda;Decapoda
mari;Alpheids;Arthropoda;Malacostraca;Decapoda;Alpheidae;Shrimp;Malacostraca;Decapoda;Decapoda
mari;Fish_frags;Chordata;Actinopterygii;NA;NA;Actinopterygii;Actinopterygii;Actinopterygii;Actinopterygii
mari;Crab_frags;Arthropoda;Malacostraca;Decapoda;NA;Brachyura;Malacostraca;Decapoda;Decapoda
mari;Cirripectus_variolosus;Chordata;Actinopterygii;Blenniiformes;Blenniidae;Actinopterygii;Actinopterygii;Actinopterygii;Actinopterygii
mari;Abudefduf_dicki;Chordata;Actinopterygii;Perciformes;Pomacentridae;Actinopterygii;Actinopterygii;Actinopterygii;Actinopterygii
mari;Trapezia_sp;Arthropoda;Malacostraca;Decapoda;Trapeziidae;Brachyura;Malacostraca;Decapoda;Decapoda
mari;Stomatopod_frags;Arthropoda;Malacostraca;Stomatopoda;NA;Stomatopoda;Malacostraca;Stomatopoda;Stomatopoda
mari;Labridae;Chordata;Actinopterygii;Labriformes;Labridae;Actinopterygii;Actinopterygii;Actinopterygii;Actinopterygii
mari;Odontodactylus_sp;Arthropoda;Malacostraca;Stomatopoda;Odontodactylidae;Stomatopoda;Malacostraca;Stomatopoda;Stomatopoda
mari;Etisus_sp;Arthropoda;Malacostraca;Decapoda;Xanthidae;Brachyura;Malacostraca;Decapoda;Decapoda
mari;Siganus_sp;Chordata;Actinopterygii;Perciformes;Siganidae;Actinopterygii;Actinopterygii;Actinopterygii;Actinopterygii
mari;Abudefduf_leucopomus;Chordata;Actinopterygii;Perciformes;Pomacentridae;Actinopterygii;Actinopterygii;Actinopterygii;Actinopterygii
mari;Foraminifera_Sand;Foraminifera;NA;NA;NA;Foraminifera;Foraminifera;Foraminifera;Foraminifera
mari;Sand;NA;NA;NA;NA;Inorganic;Inorganic;Inorganic;Inorganic
mari;Epinephelus_sp;Chordata;Actinopterygii;Perciformes;Serranidae;Actinopterygii;Actinopterygii;Actinopterygii;Actinopterygii
mari;Abudefduf_sp;Chordata;Actinopterygii;Perciformes;Pomacentridae;Actinopterygii;Actinopterygii;Actinopterygii;Actinopterygii
mari;Juveniles_unid;Chordata;Actinopterygii;NA;NA;Actinopterygii;Actinopterygii;Actinopterygii;Actinopterygii
mari;Apogon_novemfasciatus;Chordata;Actinopterygii;Kurtiformes;Apogonidae;Actinopterygii;Actinopterygii;Actinopterygii;Actinopterygii
mari;Allanetta_ovalaua;Chordata;Actinopterygii;Atheriniformes;Atherinidae;Actinopterygii;Actinopterygii;Actinopterygii;Actinopterygii
mari;Fish_scales;Chordata;Actinopterygii;NA;NA;Actinopterygii;Actinopterygii;Actinopterygii;Actinopterygii
mari;Small_fish;Chordata;Actinopterygii;NA;NA;Actinopterygii;Actinopterygii;Actinopterygii;Actinopterygii
mari;Mysids;Arthropoda;Malacostraca;Mysida;NA;Mysida;Malacostraca;Zooplankton;Zoopk_crust
mari;Foraminifera;Foraminifera;NA;NA;NA;Foraminifera;Foraminifera;Foraminifera;Foraminifera
mari;Veliger_larvae;Mollusca;Gastropoda;NA;NA;Zooplankton;Gastropoda;Zooplankton;Eggs_larvae
mari;Gobiidae;Chordata;Actinopterygii;Gobiiformes;Gobiidae;Actinopterygii;Actinopterygii;Actinopterygii;Actinopterygii
mari;Acanthurus_triostegus;Chordata;Actinopterygii;Acanthuriformes;Acanthuridae;Actinopterygii;Actinopterygii;Actinopterygii;Actinopterygii
mari;Balistidae;Chordata;Actinopterygii;Tetraodontiformes;Balistidae;Actinopterygii;Actinopterygii;Actinopterygii;Actinopterygii
mari;Parupeneus_trifasciatus;Chordata;Actinopterygii;Syngnathiformes;Mullidae;Actinopterygii;Actinopterygii;Actinopterygii;Actinopterygii
mari;Ctenogobius_sp;Chordata;Actinopterygii;Gobiiformes;Gobiidae;Actinopterygii;Actinopterygii;Actinopterygii;Actinopterygii
mari;Abudefduf_amabilis;Chordata;Actinopterygii;Perciformes;Pomacentridae;Actinopterygii;Actinopterygii;Actinopterygii;Actinopterygii
mari;Pomacentridae_juv;Chordata;Actinopterygii;Perciformes;Pomacentridae;Actinopterygii;Actinopterygii;Actinopterygii;Actinopterygii
mari;Apogon_erythrinus;Chordata;Actinopterygii;Kurtiformes;Apogonidae;Actinopterygii;Actinopterygii;Actinopterygii;Actinopterygii
mari;Istiblennius_paulus;Chordata;Actinopterygii;Blenniiformes;Blenniidae;Actinopterygii;Actinopterygii;Actinopterygii;Actinopterygii
mari;Tripterygion_minutus;Chordata;Actinopterygii;Blenniiformes;Tripterygiidae;Actinopterygii;Actinopterygii;Actinopterygii;Actinopterygii
mari;Thalamita_sp;Arthropoda;Malacostraca;Decapoda;Portunidae;Brachyura;Malacostraca;Decapoda;Decapoda
mari;Portunidae;Arthropoda;Malacostraca;Decapoda;Portunidae;Brachyura;Malacostraca;Decapoda;Decapoda
mari;Palaemonids;Arthropoda;Malacostraca;Decapoda;Palaemonidae;Shrimp;Malacostraca;Decapoda;Decapoda
mari;Amphipoda;Arthropoda;Malacostraca;Amphipoda;NA;Amphipoda;Malacostraca;Zooplankton;Zoopk_crust
mari;Crab_megalopa;Arthropoda;Malacostraca;Decapoda;NA;Zooplankton;Malacostraca;Zooplankton;Eggs_larvae
mari;Shrimp;Arthropoda;Malacostraca;Decapoda;NA;Shrimp;Malacostraca;Decapoda;Decapoda
mari;Galathea_sp;Arthropoda;Malacostraca;Decapoda;Galatheidae;Anomura;Malacostraca;Decapoda;Decapoda
mari;Turbinaria_sp;Ochrophyta;Phaeophyceae;Fucales;Sargassaceae;Algae;Benthic autotroph;Benthic autotroph;Benthic autotroph
mari;Parthenopiid crab;Arthropoda;Malacostraca;Decapoda;Parthenopidae;Brachyura;Malacostraca;Decapoda;Decapoda
mari;Pachygrapus_plicatus;Arthropoda;Malacostraca;Decapoda;Grapsidae;Brachyura;Malacostraca;Decapoda;Decapoda
mari;Maiid crab;Arthropoda;Malacostraca;Decapoda;Majidae;Brachyura;Malacostraca;Decapoda;Decapoda
mari;Scleractinia;Cnidaria;Anthozoa;Scleractinia;NA;Scleractinia;Anthozoa;Anthozoa;Anthozoa
mari;Gastropoda;Mollusca;Gastropoda;NA;Cerithiidae;Gastropoda;Gastropoda;Gastropoda;Gastropoda
mari;Algae_fronds;NA;NA;NA;NA;Algae;Benthic autotroph;Benthic autotroph;Benthic autotroph
mari;Gastropoda;Mollusca;Gastropoda;NA;NA;Gastropoda;Gastropoda;Gastropoda;Gastropoda
mari;Gonodactylus_sp;Arthropoda;Malacostraca;Stomatopoda;Gonodactylidae;Stomatopoda;Malacostraca;Stomatopoda;Stomatopoda
mari;Chromis_caeruleus;Chordata;Actinopterygii;Perciformes;Pomacentridae;Actinopterygii;Actinopterygii;Actinopterygii;Actinopterygii
mari;Hydroids;Cnidaria;Hydrozoa;NA;NA;Hydrozoa;Medusozoa;Medusozoa;Hydrozoa
mari;Gastropoda;Mollusca;Gastropoda;Cephalaspidea;Haminoeidae;Gastropoda;Gastropoda;Gastropoda;Gastropoda
mari;Xanthid crab frags;Arthropoda;Malacostraca;Decapoda;Xanthidae;Brachyura;Malacostraca;Decapoda;Decapoda
mari;Isopods;Arthropoda;Malacostraca;Isopoda;NA;Isopoda;Malacostraca;Zooplankton;Zoopk_crust
mari;Pelecypoda;Mollusca;Bivalvia;NA;NA;Bivalvia;Bivalvia;Bivalvia;Bivalvia
mari;Solenogastrids;Mollusca;Solenogastres;NA;NA;Solenogastres;Solenogastres;Solenogastres;Solenogastres
mari;Charybdis_sp;Arthropoda;Malacostraca;Decapoda;Portunidae;Brachyura;Malacostraca;Decapoda;Decapoda
mari;Stomatopod;Arthropoda;Malacostraca;Stomatopoda;NA;Stomatopoda;Malacostraca;Stomatopoda;Stomatopoda
mari;Pomacentridae;Chordata;Actinopterygii;Perciformes;Pomacentridae;Actinopterygii;Actinopterygii;Actinopterygii;Actinopterygii
mari;Stomatopod_larvae;Arthropoda;Malacostraca;Stomatopoda;NA;Zooplankton;Malacostraca;Zooplankton;Eggs_larvae
mari;Calanoida;Arthropoda;Hexanauplia;Calanoida;NA;Copepoda;Hexanauplia;Zooplankton;Zoopk_crust
mari;Diatoms;NA;NA;NA;NA;Phytoplankton;Phytoplankton;Phytoplankton;Phytoplankton
mari;Desmids;Charophyta;NA;NA;NA;Phytoplankton;Phytoplankton;Phytoplankton;Phytoplankton
mari;Filamentous_algae;NA;NA;NA;NA;Algae;Benthic autotroph;Benthic autotroph;Benthic autotroph
mari;Detritus;NA;NA;NA;NA;Detritus;Detritus;Detritus;Detritus
mari;Detritus_Sand;NA;NA;NA;NA;Detritus;Detritus;Detritus;Detritus
mari;Oscillatoria_sp;Cyanobacteria;Cyanophyceae;Oscillatoriales;Oscillatoriaceae;Cyanobacteria;Cyanobacteria;Cyanobacteria;Cyanobacteria
mari;Marginopora_sp;Foraminifera;Tubothalamea;Miliolida;Soritidae;Foraminifera;Foraminifera;Foraminifera;Foraminifera
mari;Shrimp_pelagic;Arthropoda;Malacostraca;Decapoda;NA;Shrimp;Malacostraca;Decapoda;Decapoda
mari;Pebbles;NA;NA;NA;NA;Inorganic;Inorganic;Inorganic;Inorganic
mari;Tachinotus_bailloni_juv;Chordata;Actinopterygii;Carangiformes;Carangidae;Actinopterygii;Actinopterygii;Actinopterygii;Actinopterygii
mari;Bathygobius_fuscus;Chordata;Actinopterygii;Gobiiformes;Gobiidae;Actinopterygii;Actinopterygii;Actinopterygii;Actinopterygii
mari;Amphiprion_melanopus;Chordata;Actinopterygii;Perciformes;Pomacentridae;Actinopterygii;Actinopterygii;Actinopterygii;Actinopterygii
mari;Apogon_frenatus;Chordata;Actinopterygii;Kurtiformes;Apogonidae;Actinopterygii;Actinopterygii;Actinopterygii;Actinopterygii
mari;Fish_eggs;Chordata;Actinopterygii;NA;NA;Zooplankton;Actinopterygii;Zooplankton;Eggs_larvae
mari;Alpheus_sp;Arthropoda;Malacostraca;Decapoda;Alpheidae;Shrimp;Malacostraca;Decapoda;Decapoda
mari;Eviota_sp;Chordata;Actinopterygii;Gobiiformes;Gobiidae;Actinopterygii;Actinopterygii;Actinopterygii;Actinopterygii
mari;Leander_sp;Arthropoda;Malacostraca;Decapoda;Palaemonidae;Shrimp;Malacostraca;Decapoda;Decapoda
mari;Octopus_sp;Mollusca;Cephalopoda;Octopoda;Octopodidae;Cephalopoda;Cephalopoda;Cephalopoda;Cephalopoda
mari;Gymnothorax_margaritophorus;Chordata;Actinopterygii;Anguilliformes;Muraenidae;Actinopterygii;Actinopterygii;Actinopterygii;Actinopterygii
mari;Holocentrus_sammara;Chordata;Actinopterygii;Holocentriformes;Holocentridae;Actinopterygii;Actinopterygii;Actinopterygii;Actinopterygii
mari;Holocentridae;Chordata;Actinopterygii;Holocentriformes;Holocentridae;Actinopterygii;Actinopterygii;Actinopterygii;Actinopterygii
mari;Fish_larvae;Chordata;Actinopterygii;NA;NA;Zooplankton;Actinopterygii;Zooplankton;Eggs_larvae
mari;Petrolisthes_sp;Arthropoda;Malacostraca;Decapoda;Porcellanidae;Anomura;Malacostraca;Decapoda;Decapoda
mari;Hippolytids;Arthropoda;Malacostraca;Decapoda;Hippolytidae;Shrimp;Malacostraca;Decapoda;Decapoda
mari;Holocentrus_diadema;Chordata;Actinopterygii;Holocentriformes;Holocentridae;Actinopterygii;Actinopterygii;Actinopterygii;Actinopterygii
mari;Spratelloides_delicatulus;Chordata;Actinopterygii;Clupeiformes;Clupeidae;Actinopterygii;Actinopterygii;Actinopterygii;Actinopterygii
mari;Pempheris_oualensis;Chordata;Actinopterygii;Pempheriformes;Pempheridae;Actinopterygii;Actinopterygii;Actinopterygii;Actinopterygii
mari;Pseudocheilinus_sp;Chordata;Actinopterygii;Labriformes;Labridae;Actinopterygii;Actinopterygii;Actinopterygii;Actinopterygii
mari;Stenopus_hispidus;Arthropoda;Malacostraca;Decapoda;Stenopodidae;Shrimp;Malacostraca;Decapoda;Decapoda
mari;Octopus_beak;Mollusca;Cephalopoda;Octopoda;NA;Cephalopoda;Cephalopoda;Cephalopoda;Cephalopoda
mari;Sand_Pebbles;NA;NA;NA;NA;Inorganic;Inorganic;Inorganic;Inorganic
mari;Porcellanidae;Arthropoda;Malacostraca;Decapoda;Porcellanidae;Anomura;Malacostraca;Decapoda;Decapoda
mari;Mullidae;Chordata;Actinopterygii;Syngnathiformes;Mullidae;Actinopterygii;Actinopterygii;Actinopterygii;Actinopterygii
mari;Hermit_crab;Arthropoda;Malacostraca;Decapoda;NA;Anomura;Malacostraca;Decapoda;Decapoda
mari;Gastropoda_frags;Mollusca;Gastropoda;NA;NA;Gastropoda;Gastropoda;Gastropoda;Gastropoda
mari;Portunus_longispinosus;Arthropoda;Malacostraca;Decapoda;Portunidae;Brachyura;Malacostraca;Decapoda;Decapoda
mari;Coenobita_sp;Arthropoda;Malacostraca;Decapoda;Coenobitidae;Anomura;Malacostraca;Decapoda;Decapoda
mari;Abudefduf_glaucus;Chordata;Actinopterygii;Perciformes;Pomacentridae;Actinopterygii;Actinopterygii;Actinopterygii;Actinopterygii
mari;Polychaeta pelagic;Annelida;Polychaeta;NA;NA;Annelida;Annelida;Worm;Worm
mari;Polynoids;Annelida;Polychaeta;NA;Polynoidae;Annelida;Annelida;Worm;Worm
mari;Octopus_cyanea;Mollusca;Cephalopoda;Octopoda;Octopodidae;Cephalopoda;Cephalopoda;Cephalopoda;Cephalopoda
mari;Labridae_juv;Chordata;Actinopterygii;Perciformes;Labridae;Actinopterygii;Actinopterygii;Actinopterygii;Actinopterygii
mari;Ptychodera_sp;Hemichordata;Enteropneusta;NA;Ptychoderidae;Hemichordata;Hemichordata;Worm;Worm
mari;Kraussia_rugulosus;Arthropoda;Malacostraca;Decapoda;Xanthidae;Brachyura;Malacostraca;Decapoda;Decapoda
mari;Calcinus_sp;Arthropoda;Malacostraca;Decapoda;Diogenidae;Anomura;Malacostraca;Decapoda;Decapoda
mari;Alpheus_ventrosus;Arthropoda;Malacostraca;Decapoda;Alpheidae;Shrimp;Malacostraca;Decapoda;Decapoda
mari;Gastropoda;Mollusca;Gastropoda;Littorinimorpha;Naticidae;Gastropoda;Gastropoda;Gastropoda;Gastropoda
mari;Holothurians;Echinodermata;Holothuroidea;NA;NA;Holothuroidea;Holothuroidea;Holothuroidea;Holothuroidea
mari;Sipunculidae_frags;Sipuncula;NA;NA;NA;Sipuncula;Sipuncula;Worm;Worm
mari;Stenatherina_temmincki;Chordata;Actinopterygii;Atheriniformes;Atherinidae;Actinopterygii;Actinopterygii;Actinopterygii;Actinopterygii
mari;Atys_sp-Cerithium_sp;Mollusca;Gastropoda;Cephalaspidea;Haminoeidae;Gastropoda;Gastropoda;Gastropoda;Gastropoda
mari;Spatangoids;Echinodermata;Echinoidea;Spatangoida;NA;Echinoidea;Echinoidea;Echinoidea;Echinoidea
mari;Sabellids;Annelida;Polychaeta;Sabellida;Sabellidae;Annelida;Annelida;Worm;Worm
mari;Cyclopoida;Arthropoda;Hexanauplia;Cyclopoida;NA;Copepoda;Hexanauplia;Zooplankton;Zoopk_crust
mari;Semelangulus_sp;Mollusca;Bivalvia;Veneroida;Tellinidae;Bivalvia;Bivalvia;Bivalvia;Bivalvia
mari;Sand_Foraminifera;NA;NA;NA;NA;Foraminifera;Foraminifera;Foraminifera;Foraminifera
mari;Copepods_metanauplii;Arthropoda;Hexanauplia;NA;NA;Zooplankton;Hexanauplia;Zooplankton;Eggs_larvae
mari;Tanaid isopods;Arthropoda;Malacostraca;Tanaidacea;NA;Tanaidacea;Malacostraca;Zooplankton;Zoopk_crust
mari;Gastropoda;Mollusca;Gastropoda;Neogastropoda;Olividae;Gastropoda;Gastropoda;Gastropoda;Gastropoda
mari;Tetralia_glaberrima;Arthropoda;Malacostraca;Decapoda;Tetraliidae;Brachyura;Malacostraca;Decapoda;Decapoda
mari;Nebaliaceans;Arthropoda;Malacostraca;Leptostraca;NA;Leptostraca;Malacostraca;Zooplankton;Zoopk_crust
mari;Calymmichthys_goramensis;Chordata;Actinopterygii;Syngnathiformes;Callionymidae;Actinopterygii;Actinopterygii;Actinopterygii;Actinopterygii
mari;Gnatholepis_anjerensis;Chordata;Actinopterygii;Gobiiformes;Gobiidae;Actinopterygii;Actinopterygii;Actinopterygii;Actinopterygii
mari;Parapercidae;Chordata;Actinopterygii;Perciformes;Parapercidae;Actinopterygii;Actinopterygii;Actinopterygii;Actinopterygii
mari;Istiblennius_sp;Chordata;Actinopterygii;Blenniiformes;Blenniidae;Actinopterygii;Actinopterygii;Actinopterygii;Actinopterygii
mari;Algae_filaments_limestone_powder;NA;NA;NA;NA;Algae;Benthic autotroph;Benthic autotroph;Benthic autotroph
mari;Scleractinia_polyps;Cnidaria;Anthozoa;Scleractinia;NA;Scleractinia;Anthozoa;Anthozoa;Anthozoa
mari;Scleractinia_polyps_skeleton;Cnidaria;Anthozoa;Scleractinia;NA;Scleractinia;Anthozoa;Anthozoa;Anthozoa
mari;Algae_scrapings;NA;NA;NA;NA;Algae;Benthic autotroph;Benthic autotroph;Benthic autotroph
mari;Algae_scrapings_limestone_powder;NA;NA;NA;NA;Algae;Benthic autotroph;Benthic autotroph;Benthic autotroph
mari;Algae_filaments;NA;NA;NA;NA;Algae;Benthic autotroph;Benthic autotroph;Benthic autotroph
mari;Tetralia_sp;Arthropoda;Malacostraca;Decapoda;Tetraliidae;Brachyura;Malacostraca;Decapoda;Decapoda
mari;Gastropoda_eggs;Mollusca;Gastropoda;NA;NA;Zooplankton;Gastropoda;Zooplankton;Eggs_larvae
mari;Vermetidae_frags;Mollusca;Gastropoda;Littorinimorpha;Vermetidae;Gastropoda;Gastropoda;Gastropoda;Gastropoda
mari;Nemertinea;Nemertea;NA;NA;NA;Nemertea;Nemertea;Worm;Worm
mari;Foraminifera;Foraminifera;Globothalamea;Rotaliida;Calcarinidae;Foraminifera;Foraminifera;Foraminifera;Foraminifera
mari;Algae_sand;NA;NA;NA;NA;Algae;Benthic autotroph;Benthic autotroph;Benthic autotroph
mari;Algae_fronds_limestone_powder;NA;NA;NA;NA;Algae;Benthic autotroph;Benthic autotroph;Benthic autotroph
mari;Coralline_algae;Rhodophyta;Florideophyceae;Corallinales;NA;Coralline algae;Coralline algae;Coralline algae;Coralline algae
mari;scraped polyps and skeletal particles;Cnidaria;Anthozoa;Scleractinia;NA;Scleractinia;Anthozoa;Anthozoa;Anthozoa
mari;Scraped_Filamentous_algae;NA;NA;NA;NA;Algae;Benthic autotroph;Benthic autotroph;Benthic autotroph
mari;Algae_fronds_filaments;NA;NA;NA;NA;Algae;Benthic autotroph;Benthic autotroph;Benthic autotroph
mari;Algae_filaments_sand;NA;NA;NA;NA;Algae;Benthic autotroph;Benthic autotroph;Benthic autotroph
mari;Algae_fronds_filaments_sand;NA;NA;NA;NA;Algae;Benthic autotroph;Benthic autotroph;Benthic autotroph
mari;Dictyota_Padina_sp;Ochrophyta;Phaeophyceae;Dictyotales;Dictyotaceae;Algae;Benthic autotroph;Benthic autotroph;Benthic autotroph
mari;Dictyota_sp_limestone_powder;Ochrophyta;Phaeophyceae;Dictyotales;Dictyotaceae;Algae;Benthic autotroph;Benthic autotroph;Benthic autotroph
mari;Scarus_sp;Chordata;Actinopterygii;Labriformes;Scaridae;Actinopterygii;Actinopterygii;Actinopterygii;Actinopterygii
mari;Algae_pebbles;NA;NA;NA;NA;Algae;Benthic autotroph;Benthic autotroph;Benthic autotroph
mari;Mites;Arthropoda;Arachnida;NA;NA;Arachnida;Arachnida;Arachnida;Arachnida
mari;Pelecypoda_frags;Mollusca;Bivalvia;NA;NA;Bivalvia;Bivalvia;Bivalvia;Bivalvia
mari;Detritus_sand;NA;NA;NA;NA;Detritus;Detritus;Detritus;Detritus
mari;Algae_filaments_sand_limestone;NA;NA;NA;NA;Algae;Benthic autotroph;Benthic autotroph;Benthic autotroph
mari;Pteropods;Mollusca;Gastropoda;Pteropoda;NA;Pteropoda;Gastropoda;Zooplankton;Zoopk_others
mari;Algae_filaments_bitten;NA;NA;NA;NA;Algae;Benthic autotroph;Benthic autotroph;Benthic autotroph
mari;Algae_filaments_scraped;NA;NA;NA;NA;Algae;Benthic autotroph;Benthic autotroph;Benthic autotroph
mari;Algae_fronds_bitten;NA;NA;NA;NA;Algae;Benthic autotroph;Benthic autotroph;Benthic autotroph
mari;Algae_fronds_sand;NA;NA;NA;NA;Algae;Benthic autotroph;Benthic autotroph;Benthic autotroph
mari;Istiblennius_sp_eggs;Chordata;Actinopterygii;NA;NA;Zooplankton;Actinopterygii;Zooplankton;Eggs_larvae
mari;Winged_ant;Arthropoda;Insecta;Hymenoptera;NA;Insecta;Insecta;Insecta;Insecta
mari;Shrimp_nauplii;Arthropoda;Malacostraca;Decapoda;NA;Shrimp;Malacostraca;Decapoda;Decapoda
mari;Polychaetes larvae;Annelida;Polychaeta;NA;NA;Zooplankton;Annelida;Zooplankton;Eggs_larvae
mari;Chromis_caeruleus_eggs;Chordata;Actinopterygii;NA;NA;Zooplankton;Actinopterygii;Zooplankton;Eggs_larvae
mari;Algae;NA;NA;NA;NA;Algae;Benthic autotroph;Benthic autotroph;Benthic autotroph
mari;Caligoida;Arthropoda;Hexanauplia;Caligoida;NA;Copepoda;Hexanauplia;Zooplankton;Zoopk_crust
mari;Copepods_freeliving;Arthropoda;Hexanauplia;NA;NA;Copepoda;Hexanauplia;Zooplankton;Zoopk_crust
mari;Harpacticoida;Arthropoda;Hexanauplia;Harpacticoida;NA;Copepoda;Hexanauplia;Zooplankton;Zoopk_crust
mari;Cypris_larvae;Arthropoda;Hexanauplia;NA;NA;Zooplankton;Hexanauplia;Zooplankton;Eggs_larvae
mari;Solenogastrids_Chitons;Mollusca;Solenogastres;NA;NA;Solenogastres;Solenogastres;Solenogastres;Solenogastres
mari;Solenogastrids_Chitons;Mollusca;Polyplacophora;NA;NA;Polyplacophora;Polyplacophora;Polyplacophora;Polyplacophora
mari;Chitons frags;Mollusca;Polyplacophora;NA;NA;Polyplacophora;Polyplacophora;Polyplacophora;Polyplacophora
mari;Gastropoda_rockdwelling;Mollusca;Gastropoda;NA;NA;Gastropoda;Gastropoda;Gastropoda;Gastropoda
mari;Echinoids_frags;Echinodermata;Echinoidea;NA;NA;Echinoidea;Echinoidea;Echinoidea;Echinoidea
mari;Scleractinia_Pocillopora_damicornis;Cnidaria;Anthozoa;Scleractinia;Pocilloporidae;Scleractinia;Anthozoa;Anthozoa;Anthozoa
mari;Algae_clumps;NA;NA;NA;NA;Algae;Benthic autotroph;Benthic autotroph;Benthic autotroph
mari;Belonidae;Chordata;Actinopterygii;Beloniformes;Belonidae;Actinopterygii;Actinopterygii;Actinopterygii;Actinopterygii
mari;Arca_sp;Mollusca;Bivalvia;Arcoida;Arcidae;Bivalvia;Bivalvia;Bivalvia;Bivalvia
mari;Ophiurids_frags;Echinodermata;Ophiuroidea;NA;NA;Ophiuroidea;Ophiuroidea;Ophiuroidea;Ophiuroidea
mari;Beetles;Arthropoda;Insecta;Coleoptera;NA;Insecta;Insecta;Insecta;Insecta
mari;Algae_fronds_filaments_rocks;NA;NA;NA;NA;Algae;Benthic autotroph;Benthic autotroph;Benthic autotroph
mari;Ant;Arthropoda;Insecta;Hymenoptera;NA;Insecta;Insecta;Insecta;Insecta
mari;Housefly;Arthropoda;Insecta;Diptera;NA;Insecta;Insecta;Insecta;Insecta
mari;Palaemonidae_frags;Arthropoda;Malacostraca;Decapoda;Palaemonidae;Shrimp;Malacostraca;Decapoda;Decapoda
mari;Algae_scrapings_sand;NA;NA;NA;NA;Algae;Benthic autotroph;Benthic autotroph;Benthic autotroph
mari;Gastropoda_minute;Mollusca;Gastropoda;NA;NA;Gastropoda;Gastropoda;Gastropoda;Gastropoda
mari;Algae_scrapings_rocks;NA;NA;NA;NA;Algae;Benthic autotroph;Benthic autotroph;Benthic autotroph
mari;Scleractinia_Acropora;Cnidaria;Anthozoa;Scleractinia;Acroporidae;Scleractinia;Anthozoa;Anthozoa;Anthozoa
mari;Scleractinia_polyps_skeletalpowder;Cnidaria;Anthozoa;Scleractinia;NA;Scleractinia;Anthozoa;Anthozoa;Anthozoa
mari;Scleractinia_Pavona_varians;Cnidaria;Anthozoa;Scleractinia;Agariciidae;Scleractinia;Anthozoa;Anthozoa;Anthozoa
mari;Stylaster_sanguineus;Cnidaria;Hydrozoa;Anthoathecata;Stylasteridae;Hydrozoa;Medusozoa;Medusozoa;Hydrozoa
mari;Abudefdus_biocellatus;Chordata;Actinopterygii;Perciformes;Pomacentridae;Actinopterygii;Actinopterygii;Actinopterygii;Actinopterygii
mari;Gastropoda_shells;Mollusca;Gastropoda;NA;NA;Gastropoda;Gastropoda;Gastropoda;Gastropoda
mari;Vermetidae_tubes;Mollusca;Gastropoda;Littorinimorpha;Vermetidae;Gastropoda;Gastropoda;Gastropoda;Gastropoda
mari;Gastropoda;Mollusca;Gastropoda;Littorinimorpha;Cypraeidae;Gastropoda;Gastropoda;Gastropoda;Gastropoda
mari;Echinometra_mathaei;Echinodermata;Echinoidea;Echinoida;Echinometridae;Echinoidea;Echinoidea;Echinoidea;Echinoidea
mari;Eucidaris_sp;Echinodermata;Echinoidea;Cidaroida;Cidaridae;Echinoidea;Echinoidea;Echinoidea;Echinoidea
mari;Tunicates;Chordata;NA;NA;NA;Tunicata;Tunicata;Tunicata;Tunicata
mari;Chama_sp;Mollusca;Bivalvia;Veneroida;Chamidae;Bivalvia;Bivalvia;Bivalvia;Bivalvia
mari;Algae_fronds_filaments_limestone;NA;NA;NA;NA;Algae;Benthic autotroph;Benthic autotroph;Benthic autotroph
mari;Serpulids;Annelida;Polychaeta;Sabellida;Serpulidae;Annelida;Annelida;Worm;Worm
mari;Alcyonaria;Cnidaria;Anthozoa;NA;NA;Octocorallia;Anthozoa;Anthozoa;Anthozoa
mari;Dictyota_Padina_sp;Ochrophyta;Phaeophyceae;Dictyotales;Dictyotaceae;Algae;Benthic autotroph;Benthic autotroph;Benthic autotroph
mad;Filamentous_algae;NA;NA;NA;NA;Algae;Benthic autotroph;Benthic autotroph;Benthic autotroph
mad;Harpacticoida;Arthropoda;Hexanauplia;Harpacticoida;NA;Copepoda;Hexanauplia;Zooplankton;Zoopk_crust
mad;Macroalgae;NA;NA;NA;NA;Algae;Benthic autotroph;Benthic autotroph;Benthic autotroph
mad;Amphipodes;Arthropoda;Malacostraca;Amphipoda;NA;Amphipoda;Malacostraca;Zooplankton;Zoopk_crust
mad;Phanerogames;Tracheophyta;NA;NA;NA;Seagrass;Benthic autotroph;Benthic autotroph;Benthic autotroph
mad;Shrimp;Arthropoda;Malacostraca;Decapoda;NA;Shrimp;Malacostraca;Decapoda;Decapoda
mad;Polychaeta;Annelida;Polychaeta;NA;NA;Annelida;Annelida;Worm;Worm
mad;Echinides Podia;Echinodermata;Echinoidea;NA;NA;Echinoidea;Echinoidea;Echinoidea;Echinoidea
mad;Mardréporaires Polyps;Cnidaria;Anthozoa;Scleractinia;NA;Scleractinia;Anthozoa;Anthozoa;Anthozoa
mad;Fish_eggs;Chordata;Actinopterygii;NA;NA;Zooplankton;Actinopterygii;Zooplankton;Eggs_larvae
mad;Opistobranches;Mollusca;Gastropoda;NA;NA;Gastropoda;Gastropoda;Gastropoda;Gastropoda
mad;Cirripèdes panaches;Arthropoda;Hexanauplia;NA;NA;Cirripedia;Hexanauplia;Cirripedia;Cirripedia
mad;Calanoida;Arthropoda;Hexanauplia;Calanoida;NA;Copepoda;Hexanauplia;Zooplankton;Zoopk_crust
mad;Alcyonaires Polyps;Cnidaria;Anthozoa;NA;NA;Octocorallia;Anthozoa;Anthozoa;Anthozoa
mad;Pelecypodes;Mollusca;Bivalvia;NA;NA;Bivalvia;Bivalvia;Bivalvia;Bivalvia
mad;Ostracodes;Arthropoda;Ostracoda;NA;NA;Ostracoda;Ostracoda;Zooplankton;Zoopk_crust
mad;Madréporaires;Cnidaria;Anthozoa;Scleractinia;NA;Scleractinia;Anthozoa;Anthozoa;Anthozoa
mad;Foraminifera;Foraminifera;NA;NA;NA;Foraminifera;Foraminifera;Foraminifera;Foraminifera
mad;Gastropodes;Mollusca;Gastropoda;NA;NA;Gastropoda;Gastropoda;Gastropoda;Gastropoda
mad;Eponges;Porifera;NA;NA;NA;Porifera;Porifera;Porifera;Porifera
mad;Eponges_larvae;Porifera;NA;NA;NA;Zooplankton;Porifera;Zooplankton;Eggs_larvae
mad;Mollusques_eggs;Mollusca;NA;NA;NA;Zooplankton;Eggs;Zooplankton;Eggs_larvae
mad;Hydraires;Cnidaria;Hydrozoa;NA;NA;Hydrozoa;Medusozoa;Medusozoa;Hydrozoa
mad;Alcyonaires;Cnidaria;Anthozoa;NA;NA;Octocorallia;Anthozoa;Anthozoa;Anthozoa
mad;Pogonophores;Annelida;Polychaeta;Sabellida;Siboglinidae;Annelida;Annelida;Worm;Worm
mad;Ascidies;Chordata;Ascidiacea;NA;NA;Tunicata;Tunicata;Tunicata;Tunicata
mad;Cumacés;Arthropoda;Malacostraca;Cumacea;NA;Cumacea;Malacostraca;Zooplankton;Zoopk_crust
mad;Ascidies larves;Chordata;Ascidiacea;NA;NA;Zooplankton;Ascidiacea;Zooplankton;Eggs_larvae
mad;Isopods;Arthropoda;Malacostraca;Isopoda;NA;Isopoda;Malacostraca;Zooplankton;Zoopk_crust
mad;Fish;Chordata;Actinopterygii;NA;NA;Actinopterygii;Actinopterygii;Actinopterygii;Actinopterygii
mad;Fish_larvae;Chordata;Actinopterygii;NA;NA;Zooplankton;Actinopterygii;Zooplankton;Eggs_larvae
mad;Sipunculides;Sipuncula;NA;NA;NA;Sipuncula;Sipuncula;Worm;Worm
mad;Sp_unid;NA;NA;NA;NA;Unid;Unid;Unid;Unid
mad;Debris_OM;NA;NA;NA;NA;Detritus;Detritus;Detritus;Detritus
mad;Crabes;Arthropoda;Malacostraca;Decapoda;NA;Brachyura;Malacostraca;Decapoda;Decapoda
mad;Polychaetes larvae;Annelida;Polychaeta;NA;NA;Zooplankton;Annelida;Zooplankton;Eggs_larvae
mad;Brachyura_larvae;Arthropoda;Malacostraca;Decapoda;NA;Zooplankton;Malacostraca;Zooplankton;Eggs_larvae
mad;OM;NA;NA;NA;NA;Detritus;Detritus;Detritus;Detritus
mad;Nematodes;Nematoda;NA;NA;NA;Nematoda;Nematoda;Worm;Worm
mad;Cyclopoida;Arthropoda;Hexanauplia;Cyclopoida;NA;Copepoda;Hexanauplia;Zooplankton;Zoopk_crust
mad;Cirripèdes;Arthropoda;Hexanauplia;NA;NA;Cirripedia;Hexanauplia;Cirripedia;Cirripedia
mad;Appendiculaires;Chordata;Appendicularia;NA;NA;Tunicata;Tunicata;Zooplankton;Zoopk_transp
mad;Shrimp_larvae;Arthropoda;Malacostraca;Decapoda;NA;Zooplankton;Malacostraca;Zooplankton;Eggs_larvae
mad;Copepodes;Arthropoda;Hexanauplia;NA;NA;Copepoda;Hexanauplia;Zooplankton;Zoopk_crust
mad;Insecta_larvae;Arthropoda;Insecta;NA;NA;Insecta;Insecta;Insecta;Insecta
mad;Harpacticoida_Cycloida;Arthropoda;Hexanauplia;Harpacticoida;NA;Copepoda;Hexanauplia;Zooplankton;Zoopk_crust
mad;Harpacticoida_Cycloida;Arthropoda;Hexanauplia;Cyclopoida;NA;Copepoda;Hexanauplia;Zooplankton;Zoopk_crust
mad;Tanaid isopods;Arthropoda;Malacostraca;Tanaidacea;NA;Tanaidacea;Malacostraca;Zooplankton;Zoopk_crust
mad;Pagures;Arthropoda;Malacostraca;Decapoda;NA;Anomura;Malacostraca;Decapoda;Decapoda
mad;Pycnogonides;Arthropoda;Pycnogonida;NA;NA;Pycnogonida;Pycnogonida;Pycnogonida;Pycnogonida
mad;Brachyura;Arthropoda;Malacostraca;Decapoda;NA;Brachyura;Malacostraca;Decapoda;Decapoda
mad;Tanaidacés;Arthropoda;Malacostraca;Tanaidacea;NA;Tanaidacea;Malacostraca;Zooplankton;Zoopk_crust
mad;Algae;NA;NA;NA;NA;Algae;Benthic autotroph;Benthic autotroph;Benthic autotroph
mad;Galatheidae;Arthropoda;Malacostraca;Decapoda;Galatheidae;Anomura;Malacostraca;Decapoda;Decapoda
mad;Polyplacophores;Mollusca;Polyplacophora;NA;NA;Polyplacophora;Polyplacophora;Polyplacophora;Polyplacophora
mad;Ophiurides;Echinodermata;Ophiuroidea;NA;NA;Ophiuroidea;Ophiuroidea;Ophiuroidea;Ophiuroidea
mad;Bryozoaires;Bryozoa;NA;NA;NA;Bryozoa;Bryozoa;Bryozoa;Bryozoa
mad;Gorgonians;Cnidaria;Anthozoa;Alcyonacea;NA;Octocorallia;Anthozoa;Anthozoa;Anthozoa
mad;Crinoid;Echinodermata;Crinoidea;NA;NA;Crinoidea;Crinoidea;Crinoidea;Crinoidea
mad;Zoanthaires;Cnidaria;Anthozoa;Zoantharia;NA;Zoantharia;Anthozoa;Anthozoa;Anthozoa
mad;Actiniaires;Cnidaria;Anthozoa;Actiniaria;NA;Actiniaria;Anthozoa;Anthozoa;Anthozoa
mad;Sand;NA;NA;NA;NA;Inorganic;Inorganic;Inorganic;Inorganic
mad;Phanerogames débris;Tracheophyta;NA;NA;NA;Seagrass;Benthic autotroph;Benthic autotroph;Benthic autotroph
mad;Protochordates;Hemichordata;NA;NA;NA;Hemichordata;Hemichordata;Worm;Worm
mad;Stomatopoda;Arthropoda;Malacostraca;Stomatopoda;NA;Stomatopoda;Malacostraca;Stomatopoda;Stomatopoda
mad;Eggs;NA;NA;NA;NA;Zooplankton;Eggs;Zooplankton;Eggs_larvae
mad;Debris_unid;NA;NA;NA;NA;Detritus;Detritus;Detritus;Detritus
mad;Alpheids;Arthropoda;Malacostraca;Decapoda;Alpheidae;Shrimp;Malacostraca;Decapoda;Decapoda
mad;Echinides;Echinodermata;Echinoidea;NA;NA;Echinoidea;Echinoidea;Echinoidea;Echinoidea
mad;Holothurides;Echinodermata;Holothuroidea;NA;NA;Holothuroidea;Holothuroidea;Holothuroidea;Holothuroidea
mad;Echiures;Annelida;Polychaeta;Echiura;NA;Annelida;Annelida;Worm;Worm
mad;Gnathiids;Arthropoda;Malacostraca;Isopoda;Gnathiidae;Isopoda;Malacostraca;Zooplankton;Zoopk_crust
mad;Calanoida_Harpacticoida;Arthropoda;Hexanauplia;Harpacticoida;NA;Copepoda;Hexanauplia;Zooplankton;Zoopk_crust
mad;Calanoida_Harpacticoida;Arthropoda;Hexanauplia;Calanoida;NA;Copepoda;Hexanauplia;Zooplankton;Zoopk_crust
mad;Amphipodes;Arthropoda;Malacostraca;Calanoida;NA;Amphipoda;Malacostraca;Zooplankton;Zoopk_crust
mad;Cephalopode larvae;Mollusca;Cephalopoda;NA;NA;Zooplankton;Cephalopoda;Zooplankton;Eggs_larvae
mad;Calanoida_Cycloida;Arthropoda;Hexanauplia;Calanoida;NA;Copepoda;Hexanauplia;Zooplankton;Zoopk_crust
mad;Calanoida_Cycloida;Arthropoda;Hexanauplia;Decapoda;NA;Copepoda;Hexanauplia;Zooplankton;Zoopk_crust
mad;Calanoida_Cycloida;Arthropoda;Hexanauplia;Cyclopoida;NA;Copepoda;Hexanauplia;Zooplankton;Zoopk_crust
mad;Gastropoda_larvae;Mollusca;Gastropoda;NA;NA;Zooplankton;Gastropoda;Zooplankton;Eggs_larvae
mad;Filamentous_Diatoms_Cyanophyceae_Debris;NA;NA;NA;NA;Algae;Benthic autotroph;Benthic autotroph;Benthic autotroph
mad;Pelecypodes larvae;Mollusca;Bivalvia;NA;NA;Zooplankton;Bivalvia;Zooplankton;Eggs_larvae
mad;Stomatopoda_larvae;Arthropoda;Malacostraca;Stomatopoda;NA;Zooplankton;Malacostraca;Zooplankton;Eggs_larvae
mad;Insecta;Arthropoda;Insecta;NA;NA;Insecta;Insecta;Insecta;Insecta
mad;Harpacticoida_Cycloida;Arthropoda;Hexanauplia;NA;NA;Copepoda;Hexanauplia;Zooplankton;Zoopk_crust
mad;Cephalopodes;Mollusca;Cephalopoda;NA;NA;Cephalopoda;Cephalopoda;Cephalopoda;Cephalopoda
mad;Acariens;Arthropoda;Arachnida;NA;NA;Arachnida;Arachnida;Arachnida;Arachnida
mad;Arachnides;Arthropoda;Arachnida;NA;NA;Arachnida;Arachnida;Arachnida;Arachnida
mad;Seagrass;Tracheophyta;NA;NA;NA;Seagrass;Benthic autotroph;Benthic autotroph;Benthic autotroph
mad;Natantia;Arthropoda;Malacostraca;Decapoda;NA;Shrimp;Malacostraca;Decapoda;Decapoda
mad;Natantia larvae;Arthropoda;Malacostraca;Decapoda;NA;Zooplankton;Malacostraca;Zooplankton;Eggs_larvae
mad;Scaphopodes;Mollusca;Scaphopoda;NA;NA;Scaphopoda;Scaphopoda;Scaphopoda;Scaphopoda
mad;Harpacticoida_Cycloida;Arthropoda;Hexanauplia;Cycloida;NA;Copepoda;Hexanauplia;Zooplankton;Zoopk_crust
mad;Caligoida_parasite;Arthropoda;Hexanauplia;Caligoida;NA;Copepoda;Hexanauplia;Zooplankton;Zoopk_crust
mad;Gnathiids_parasite_larvae;Arthropoda;Malacostraca;Isopoda;Gnathiidae;Zooplankton;Malacostraca;Zooplankton;Eggs_larvae
mad;Fish_scales_skin;Chordata;Actinopterygii;NA;NA;Actinopterygii;Actinopterygii;Actinopterygii;Actinopterygii
mad;Scyllarus;Arthropoda;Malacostraca;Decapoda;Scyllaridae;Achelata;Malacostraca;Decapoda;Decapoda
mad;Cephalochordates;Chordata;NA;NA;NA;Cephalochordata;Cephalochordata;Cephalochordata;Cephalochordata
mad;Sand_OM;NA;NA;NA;NA;Detritus;Detritus;Detritus;Detritus
mad;Gastropoda_eggs;Mollusca;Gastropoda;NA;NA;Zooplankton;Gastropoda;Zooplankton;Eggs_larvae
mad;Galatheides;Arthropoda;Malacostraca;Decapoda;Galatheidae;Anomura;Malacostraca;Decapoda;Decapoda
mad;Eponges_buds;Porifera;NA;NA;NA;Porifera;Porifera;Porifera;Porifera
mad;Monstrilloida;Arthropoda;Hexanauplia;Monstrilloida;NA;Copepoda;Hexanauplia;Zooplankton;Zoopk_crust
mad;Cyanophycea_Diatoms_Filamentous-algae;NA;NA;NA;NA;Algae;Benthic autotroph;Benthic autotroph;Benthic autotroph
mad;Decapodes_larvae;Arthropoda;Malacostraca;Decapoda;NA;Zooplankton;Malacostraca;Zooplankton;Eggs_larvae
haw;Abudefduf_imparipennis;Chordata;Actinopterygii;Perciformes;Pomacentridae;Actinopterygii;Actinopterygii;Actinopterygii;Actinopterygii
haw;Xanthids;Arthropoda;Malacostraca;Decapoda;Xanthidae;Brachyura;Malacostraca;Decapoda;Decapoda
haw;Fish_frags;Chordata;Actinopterygii;NA;NA;Actinopterygii;Actinopterygii;Actinopterygii;Actinopterygii
haw;Crab_frags;Arthropoda;Malacostraca;Decapoda;NA;Brachyura;Malacostraca;Decapoda;Decapoda
haw;Plagiotremus_goslinei;Chordata;Actinopterygii;Blenniiformes;Blenniidae;Actinopterygii;Actinopterygii;Actinopterygii;Actinopterygii
haw;Fish;Chordata;Actinopterygii;NA;NA;Actinopterygii;Actinopterygii;Actinopterygii;Actinopterygii
haw;Shrimp;Arthropoda;Malacostraca;Decapoda;NA;Shrimp;Malacostraca;Decapoda;Decapoda
haw;Mysids;Arthropoda;Malacostraca;Mysida;NA;Mysida;Malacostraca;Zooplankton;Zoopk_crust
haw;Megalopa_larvae;Arthropoda;Malacostraca;Decapoda;NA;Zooplankton;Malacostraca;Zooplankton;Eggs_larvae
haw;Foraminifera;Foraminifera;NA;NA;NA;Foraminifera;Foraminifera;Foraminifera;Foraminifera
haw;Calanoida;Arthropoda;Hexanauplia;Calanoida;NA;Copepoda;Hexanauplia;Zooplankton;Zoopk_crust
haw;Larvaceans;Chordata;Appendicularia;NA;NA;Tunicata;Tunicata;Zooplankton;Zoopk_transp
haw;Zoeae_larvae;Arthropoda;Malacostraca;Decapoda;NA;Zooplankton;Malacostraca;Zooplankton;Eggs_larvae
haw;Arachnids;Arthropoda;Arachnida;NA;NA;Arachnida;Arachnida;Arachnida;Arachnida
haw;Caridean;Arthropoda;Malacostraca;Decapoda;NA;Shrimp;Malacostraca;Decapoda;Decapoda
haw;Portunidae;Arthropoda;Malacostraca;Decapoda;Portunidae;Brachyura;Malacostraca;Decapoda;Decapoda
haw;Penaeidae;Arthropoda;Malacostraca;Decapoda;Penaeidae;Shrimp;Malacostraca;Decapoda;Decapoda
haw;Polychaetes;Annelida;Polychaeta;NA;NA;Annelida;Annelida;Worm;Worm
haw;Sipunculid_introverts;Sipuncula;NA;NA;NA;Sipuncula;Sipuncula;Worm;Worm
haw;Xanthids;Arthropoda;Malacostraca;Decapoda;Xanthidae;Brachyura;Malacostraca;Decapoda;Decapoda
haw;Megalopa_larvae;Arthropoda;Malacostraca;Decapoda;NA;Zooplankton;Malacostraca;Zooplankton;Eggs_larvae
haw;Caridean;Arthropoda;Malacostraca;Decapoda;NA;Shrimp;Malacostraca;Decapoda;Decapoda
haw;Prosobranch gastropods;Mollusca;Gastropoda;NA;NA;Gastropoda;Gastropoda;Gastropoda;Gastropoda
haw;Stomatopoda;Arthropoda;Malacostraca;Stomatopoda;NA;Stomatopoda;Malacostraca;Stomatopoda;Stomatopoda
haw;Opisthobranchia;Mollusca;Gastropoda;NA;NA;Gastropoda;Gastropoda;Gastropoda;Gastropoda
haw;Pelecypod;Mollusca;Bivalvia;NA;NA;Bivalvia;Bivalvia;Bivalvia;Bivalvia
haw;Euphausids;Arthropoda;Malacostraca;Euphausiacea;NA;Euphausiacea;Malacostraca;Zooplankton;Zoopk_crust
haw;Oxyrhynchid;Arthropoda;Malacostraca;Decapoda;NA;Brachyura;Malacostraca;Decapoda;Decapoda
haw;Tanaid;Arthropoda;Malacostraca;Tanaidacea;NA;Tanaidacea;Malacostraca;Zooplankton;Zoopk_crust
haw;Flabellifera;Arthropoda;Malacostraca;Isopoda;NA;Isopoda;Malacostraca;Zooplankton;Zoopk_crust
haw;Mysids;Arthropoda;Malacostraca;Mysida;NA;Mysida;Malacostraca;Zooplankton;Zoopk_crust
haw;Ophiurids;Echinodermata;Ophiuroidea;NA;NA;Ophiuroidea;Ophiuroidea;Ophiuroidea;Ophiuroidea
haw;Gammarids;Arthropoda;Malacostraca;Amphipoda;Gammaridae;Amphipoda;Malacostraca;Zooplankton;Zoopk_crust
haw;Penaeidae;Arthropoda;Malacostraca;Decapoda;Penaeidae;Shrimp;Malacostraca;Decapoda;Decapoda
haw;Isopods;Arthropoda;Malacostraca;Isopoda;NA;Isopoda;Malacostraca;Zooplankton;Zoopk_crust
haw;Chitons;Mollusca;Polyplacophora;NA;NA;Polyplacophora;Polyplacophora;Polyplacophora;Polyplacophora
haw;Portunidae;Arthropoda;Malacostraca;Decapoda;Portunidae;Brachyura;Malacostraca;Decapoda;Decapoda
haw;Holothurians;Echinodermata;Holothuroidea;NA;NA;Holothuroidea;Holothuroidea;Holothuroidea;Holothuroidea
haw;Calanoida;Arthropoda;Hexanauplia;Calanoida;NA;Copepoda;Hexanauplia;Zooplankton;Zoopk_crust
haw;Echinoids;Echinodermata;Echinoidea;NA;NA;Echinoidea;Echinoidea;Echinoidea;Echinoidea
haw;Harpacticoida;Arthropoda;Hexanauplia;Harpacticoida;NA;Copepoda;Hexanauplia;Zooplankton;Zoopk_crust
haw;Limpets;Mollusca;Gastropoda;NA;NA;Gastropoda;Gastropoda;Gastropoda;Gastropoda
haw;Fish;Chordata;Actinopterygii;NA;NA;Actinopterygii;Actinopterygii;Actinopterygii;Actinopterygii
haw;Gammarids;Arthropoda;Malacostraca;Amphipoda;Gammaridae;Amphipoda;Malacostraca;Zooplankton;Zoopk_crust
haw;Stomatopoda;Arthropoda;Malacostraca;Stomatopoda;NA;Stomatopoda;Malacostraca;Stomatopoda;Stomatopoda
haw;Gnathiids_larvae;Arthropoda;Malacostraca;Isopoda;Gnathiidae;Zooplankton;Malacostraca;Zooplankton;Eggs_larvae
haw;Ostracods;Arthropoda;Ostracoda;NA;NA;Ostracoda;Ostracoda;Zooplankton;Zoopk_crust
haw;Tanaid;Arthropoda;Malacostraca;Tanaidacea;NA;Tanaidacea;Malacostraca;Zooplankton;Zoopk_crust
haw;Eggs_invert;NA;NA;NA;NA;Zooplankton;Eggs;Zooplankton;Eggs_larvae
haw;Euphausids;Arthropoda;Malacostraca;Euphausiacea;NA;Euphausiacea;Malacostraca;Zooplankton;Zoopk_crust
haw;Cephalopods;Mollusca;Cephalopoda;NA;NA;Cephalopoda;Cephalopoda;Cephalopoda;Cephalopoda
haw;Prosobranch gastropods;Mollusca;Gastropoda;NA;NA;Gastropoda;Gastropoda;Gastropoda;Gastropoda
haw;Isopods;Arthropoda;Malacostraca;Isopoda;NA;Isopoda;Malacostraca;Zooplankton;Zoopk_crust
haw;Pagurid crab;Arthropoda;Malacostraca;Decapoda;NA;Anomura;Malacostraca;Decapoda;Decapoda
haw;Brachyuran Crab;Arthropoda;Malacostraca;Decapoda;NA;Brachyura;Malacostraca;Decapoda;Decapoda
haw;Pomacentrus_jenkinsi;Chordata;Actinopterygii;Perciformes;Pomacentridae;Actinopterygii;Actinopterygii;Actinopterygii;Actinopterygii
haw;Octopods;Mollusca;Cephalopoda;Octopoda;NA;Cephalopoda;Cephalopoda;Cephalopoda;Cephalopoda
haw;Holocentrus_xantherythrus;Chordata;Actinopterygii;Holocentriformes;Holocentridae;Actinopterygii;Actinopterygii;Actinopterygii;Actinopterygii
haw;Crab_adults;Arthropoda;Malacostraca;Decapoda;NA;Brachyura;Malacostraca;Decapoda;Decapoda
haw;Copepods;Arthropoda;Hexanauplia;NA;NA;Copepoda;Hexanauplia;Zooplankton;Zoopk_crust
haw;Echinospira larvae;Mollusca;Gastropoda;NA;NA;Zooplankton;Gastropoda;Zooplankton;Eggs_larvae
haw;Hippid Crab;Arthropoda;Malacostraca;Decapoda;Hippidae;Anomura;Malacostraca;Decapoda;Decapoda
haw;Sipunculid_introverts;Sipuncula;NA;NA;NA;Sipuncula;Sipuncula;Worm;Worm
haw;Fish_larvae;Chordata;Actinopterygii;NA;NA;Zooplankton;Actinopterygii;Zooplankton;Eggs_larvae
haw;Ophiurids;Echinodermata;Ophiuroidea;NA;NA;Ophiuroidea;Ophiuroidea;Ophiuroidea;Ophiuroidea
haw;Echinoids;Echinodermata;Echinoidea;NA;NA;Echinoidea;Echinoidea;Echinoidea;Echinoidea
haw;Opisthobranchia;Mollusca;Gastropoda;NA;NA;Gastropoda;Gastropoda;Gastropoda;Gastropoda
haw;Tunicates;Chordata;NA;NA;NA;Tunicata;Tunicata;Tunicata;Tunicata
haw;Eggs_planktonic;NA;NA;NA;NA;Zooplankton;Eggs;Zooplankton;Eggs_larvae
haw;Holothurians;Echinodermata;Holothuroidea;NA;NA;Holothuroidea;Holothuroidea;Holothuroidea;Holothuroidea
haw;Algae_frags;NA;NA;NA;NA;Algae;Benthic autotroph;Benthic autotroph;Benthic autotroph
haw;Pelecypod;Mollusca;Bivalvia;NA;NA;Bivalvia;Bivalvia;Bivalvia;Bivalvia
haw;Sand_Foraminifera_Debris;NA;NA;NA;NA;Detritus;Detritus;Detritus;Detritus
haw;Stenopid;Arthropoda;Malacostraca;Decapoda;NA;Shrimp;Malacostraca;Decapoda;Decapoda
haw;Debris;NA;NA;NA;NA;Detritus;Detritus;Detritus;Detritus
haw;Oxyrhynchid;Arthropoda;Malacostraca;Decapoda;NA;Brachyura;Malacostraca;Decapoda;Decapoda
haw;Grapsidae;Arthropoda;Malacostraca;Decapoda;Grapsidae;Brachyura;Malacostraca;Decapoda;Decapoda
haw;Chitons;Mollusca;Polyplacophora;NA;NA;Polyplacophora;Polyplacophora;Polyplacophora;Polyplacophora
haw;Algae_benthic_bitten;NA;NA;NA;NA;Algae;Benthic autotroph;Benthic autotroph;Benthic autotroph
haw;Sponges;Porifera;NA;NA;NA;Porifera;Porifera;Porifera;Porifera
haw;Filamentous_algae;NA;NA;NA;NA;Algae;Benthic autotroph;Benthic autotroph;Benthic autotroph
haw;Debris_Sand_Foraminifera;NA;NA;NA;NA;Detritus;Detritus;Detritus;Detritus
haw;Diatoms;NA;NA;NA;NA;Phytoplankton;Phytoplankton;Phytoplankton;Phytoplankton
haw;Harpacticoida;Arthropoda;Hexanauplia;Harpacticoida;NA;Copepoda;Hexanauplia;Zooplankton;Zoopk_crust
haw;Sabellids;Annelida;Polychaeta;Sabellida;Sabellidae;Annelida;Annelida;Worm;Worm
haw;Nemerteans;Nemertea;NA;NA;NA;Nemertea;Nemertea;Worm;Worm
haw;Echinoids podia pedicellaria;Echinodermata;Echinoidea;NA;NA;Echinoidea;Echinoidea;Echinoidea;Echinoidea
haw;Terebellids;Annelida;Polychaeta;Terebellida;Terebellidae;Annelida;Annelida;Worm;Worm
haw;Hydroids;Cnidaria;Hydrozoa;NA;NA;Hydrozoa;Medusozoa;Medusozoa;Hydrozoa
haw;Caprellids;Arthropoda;Malacostraca;Amphipoda;Caprellidae;Amphipoda;Malacostraca;Zooplankton;Zoopk_crust
haw;Prosobranch gastropods eggs;Mollusca;Gastropoda;NA;NA;Zooplankton;Gastropoda;Zooplankton;Eggs_larvae
haw;Demersal_fish_eggs;Chordata;Actinopterygii;NA;NA;Zooplankton;Actinopterygii;Zooplankton;Eggs_larvae
haw;Bluegreen algae;Cyanobacteria;NA;NA;NA;Cyanobacteria;Cyanobacteria;Cyanobacteria;Cyanobacteria
haw;Cyclopoida;Arthropoda;Hexanauplia;Cyclopoida;NA;Copepoda;Hexanauplia;Zooplankton;Zoopk_crust
haw;Fish_eggs;Chordata;Actinopterygii;NA;NA;Zooplankton;Actinopterygii;Zooplankton;Eggs_larvae
haw;Hyperiid;Arthropoda;Malacostraca;Amphipoda;NA;Amphipoda;Malacostraca;Zooplankton;Zoopk_crust
haw;Gastropoda_planktonic;Mollusca;Gastropoda;NA;NA;Gastropoda;Gastropoda;Gastropoda;Gastropoda
haw;Alcyonaria;Cnidaria;Anthozoa;NA;NA;Octocorallia;Anthozoa;Anthozoa;Anthozoa
haw;Veliger_larvae;Mollusca;Gastropoda;NA;NA;Zooplankton;Gastropoda;Zooplankton;Eggs_larvae
haw;Echinospira;Mollusca;Gastropoda;NA;NA;Gastropoda;Gastropoda;Gastropoda;Gastropoda
haw;Bivalvia;Mollusca;Bivalvia;NA;NA;Bivalvia;Bivalvia;Bivalvia;Bivalvia
haw;Ostracoda;Arthropoda;Ostracoda;NA;NA;Ostracoda;Ostracoda;Zooplankton;Zoopk_crust
haw;Lobster phyllosomes;Arthropoda;Malacostraca;Decapoda;NA;Zooplankton;Malacostraca;Zooplankton;Eggs_larvae
haw;Salps;Chordata;Thaliacea;Salpida;Salpidae;Tunicata;Tunicata;Zooplankton;Zoopk_transp
haw;Shrimp_larvae;Arthropoda;Malacostraca;Decapoda;NA;Zooplankton;Malacostraca;Zooplankton;Eggs_larvae
haw;Anthozoa;Cnidaria;Anthozoa;NA;NA;Anthozoa;Anthozoa;Anthozoa;Anthozoa
haw;Mites;Arthropoda;Arachnida;NA;NA;Arachnida;Arachnida;Arachnida;Arachnida
haw;Eggs_demersal;NA;NA;NA;NA;Zooplankton;Eggs;Zooplankton;Eggs_larvae
haw;Algae_frags_diatoms;NA;NA;NA;NA;Algae;Benthic autotroph;Benthic autotroph;Benthic autotroph
haw;Scleractinia;Cnidaria;Anthozoa;Scleractinia;NA;Scleractinia;Anthozoa;Anthozoa;Anthozoa
haw;Mucus_nematocyst_zoox_orgdebris;Cnidaria;Anthozoa;NA;NA;Anthozoa;Anthozoa;Anthozoa;Anthozoa
haw;Gastropoda_eggs;Mollusca;Gastropoda;NA;NA;Zooplankton;Gastropoda;Zooplankton;Eggs_larvae
haw;Polychaeta_errant_frags;Annelida;Polychaeta;NA;NA;Annelida;Annelida;Worm;Worm
haw;Echinoids podia;Echinodermata;Echinoidea;NA;NA;Echinoidea;Echinoidea;Echinoidea;Echinoidea
haw;Anemones;Cnidaria;Anthozoa;Actiniaria;NA;Actiniaria;Anthozoa;Anthozoa;Anthozoa
haw;Serpulids;Annelida;Polychaeta;Sabellida;Serpulidae;Annelida;Annelida;Worm;Worm
haw;Enteropneusta;Hemichordata;Enteropneusta;NA;NA;Hemichordata;Hemichordata;Worm;Worm
haw;Gastropoda_opercula;Mollusca;Gastropoda;NA;NA;Gastropoda;Gastropoda;Gastropoda;Gastropoda
haw;Polychaetes heads;Annelida;Polychaeta;NA;NA;Annelida;Annelida;Worm;Worm
haw;Crustacea_eggs;Arthropoda;NA;NA;NA;Zooplankton;Malacostraca;Zooplankton;Eggs_larvae
haw;Crab;Arthropoda;Malacostraca;Decapoda;NA;Brachyura;Malacostraca;Decapoda;Decapoda
haw;Mucus_nematocyst_zoox_tissuefrag;Cnidaria;Anthozoa;NA;NA;Anthozoa;Anthozoa;Anthozoa;Anthozoa
haw;Algae_diatoms;NA;NA;NA;NA;Algae;Benthic autotroph;Benthic autotroph;Benthic autotroph
haw;Polychaetes errant;Annelida;Polychaeta;NA;NA;Annelida;Annelida;Worm;Worm
haw;Fish_eggs_demersal;Chordata;Actinopterygii;NA;NA;Zooplankton;Actinopterygii;Zooplankton;Eggs_larvae
haw;Barnacle;Arthropoda;Hexanauplia;NA;NA;Cirripedia;Hexanauplia;Cirripedia;Cirripedia
haw;Org_frags;NA;NA;NA;NA;Detritus;Detritus;Detritus;Detritus
haw;Sand;NA;NA;NA;NA;Inorganic;Inorganic;Inorganic;Inorganic
haw;Insecta;Arthropoda;Insecta;NA;NA;Insecta;Insecta;Insecta;Insecta
haw;Bryozoa;Bryozoa;NA;NA;NA;Bryozoa;Bryozoa;Bryozoa;Bryozoa
haw;Pycnogonids;Arthropoda;Pycnogonida;NA;NA;Pycnogonida;Pycnogonida;Pycnogonida;Pycnogonida
haw;Pelecypod_larvae;Mollusca;Bivalvia;NA;NA;Zooplankton;Bivalvia;Zooplankton;Eggs_larvae
haw;Penaeidae_larvae;Arthropoda;Malacostraca;Decapoda;Penaeidae;Zooplankton;Malacostraca;Zooplankton;Eggs_larvae
haw;Nauplius_larvae;Arthropoda;NA;NA;NA;Zooplankton;Malacostraca;Zooplankton;Eggs_larvae
haw;Shrimp larvae;Arthropoda;Malacostraca;Decapoda;NA;Zooplankton;Malacostraca;Zooplankton;Eggs_larvae
haw;Hydroids_frags;Cnidaria;Hydrozoa;NA;NA;Hydrozoa;Medusozoa;Medusozoa;Hydrozoa
haw;Siphonophores;Cnidaria;Hydrozoa;Siphonophorae;NA;Hydrozoa;Medusozoa;Zooplankton;Zoopk_transp
haw;Chaetognaths;Chaetognatha;NA;NA;NA;Chaetognatha;Chaetognatha;Zooplankton;Zoopk_others
haw;Calappids;Arthropoda;Malacostraca;Decapoda;Calappidae;Brachyura;Malacostraca;Decapoda;Decapoda
haw;Saron_marmoratus;Arthropoda;Malacostraca;Decapoda;Hippolytidae;Shrimp;Malacostraca;Decapoda;Decapoda
haw;Gastropods;Mollusca;Gastropoda;NA;NA;Gastropoda;Gastropoda;Gastropoda;Gastropoda
haw;Diatoms_colonial;NA;NA;NA;NA;Phytoplankton;Phytoplankton;Phytoplankton;Phytoplankton
haw;Didemnid;Chordata;Ascidiacea;Enterogona;Didemnidae;Tunicata;Tunicata;Tunicata;Tunicata
haw;Sand_Foraminifera;NA;NA;NA;NA;Foraminifera;Foraminifera;Foraminifera;Foraminifera
haw;Sand_Debris;NA;NA;NA;NA;Detritus;Detritus;Detritus;Detritus
haw;Gammaridean amphipods;Arthropoda;Malacostraca;Amphipoda;Gammaridae;Amphipoda;Malacostraca;Zooplankton;Zoopk_crust
haw;Sand_algae;NA;NA;NA;NA;Algae;Benthic autotroph;Benthic autotroph;Benthic autotroph
haw;Alpheids;Arthropoda;Malacostraca;Decapoda;Alpheidae;Shrimp;Malacostraca;Decapoda;Decapoda
haw;Org_slurry;NA;NA;NA;NA;Detritus;Detritus;Detritus;Detritus
haw;Scleractinia_skeleton_tissue;Cnidaria;Anthozoa;Scleractinia;NA;Scleractinia;Anthozoa;Anthozoa;Anthozoa
haw;Gelatinous clumps of bluegreen algae;Cyanobacteria;NA;NA;NA;Cyanobacteria;Cyanobacteria;Cyanobacteria;Cyanobacteria
haw;Filamentous_red_algae;NA;NA;NA;NA;Algae;Benthic autotroph;Benthic autotroph;Benthic autotroph
haw;Coralline_algae;Rhodophyta;Florideophyceae;Corallinales;NA;Coralline algae;Coralline algae;Coralline algae;Coralline algae
haw;Algae;NA;NA;NA;NA;Algae;Benthic autotroph;Benthic autotroph;Benthic autotroph
haw;Fleshy_algae;NA;NA;NA;NA;Algae;Benthic autotroph;Benthic autotroph;Benthic autotroph
haw;Heteropods;Arthropoda;Arachnida;Araneae;NA;Arachnida;Arachnida;Arachnida;Arachnida
haw;Gastropods;Mollusca;Gastropoda;Littorinimorpha;Naticidae;Gastropoda;Gastropoda;Gastropoda;Gastropoda
haw;Pteropods;Mollusca;Gastropoda;Pteropoda;NA;Pteropoda;Gastropoda;Zooplankton;Zoopk_others
haw;Brachyurans;Arthropoda;Malacostraca;Decapoda;NA;Brachyura;Malacostraca;Decapoda;Decapoda
haw;Ostreidae;Mollusca;Bivalvia;Ostreoida;Ostreidae;Bivalvia;Bivalvia;Bivalvia;Bivalvia
haw;Scleractinia_Pocillopora_Porites;Cnidaria;Anthozoa;Scleractinia;Pocilloporidae;Scleractinia;Anthozoa;Anthozoa;Anthozoa
haw;Scleractinia_Pocillopora_Porites;Cnidaria;Anthozoa;Scleractinia;NA;Scleractinia;Anthozoa;Anthozoa;Anthozoa
haw;Asteroids;Echinodermata;Asteroidea;NA;NA;Asteroidea;Asteroidea;Asteroidea;Asteroidea
haw;Scleractinia_Porites;Cnidaria;Anthozoa;Scleractinia;Poritidae;Scleractinia;Anthozoa;Anthozoa;Anthozoa
haw;Pectinidae;Mollusca;Bivalvia;Pectinoida;Pectinidae;Bivalvia;Bivalvia;Bivalvia;Bivalvia
haw;Echinometra_mathaei;Echinodermata;Echinoidea;Echinoida;Echinometridae;Echinoidea;Echinoidea;Echinoidea;Echinoidea
haw;Cidarids_Echinometrids;Echinodermata;Echinoidea;Cidaroida;NA;Echinoidea;Echinoidea;Echinoidea;Echinoidea
haw;Cidarids_Echinometrids;Echinodermata;Echinoidea;Camarodonta;Echinometridae;Echinoidea;Echinoidea;Echinoidea;Echinoidea
haw;Scleractinia_Pocillopora_Porites;Cnidaria;Anthozoa;Scleractinia;Poritidae;Scleractinia;Anthozoa;Anthozoa;Anthozoa
nca;Actinopterygii;Chordata;Actinopterygii;NA;NA;Actinopterygii;Actinopterygii;Actinopterygii;Actinopterygii
nca;Worms;NA;NA;NA;NA;Worm;Worm;Worm;Worm
nca;Crab;Arthropoda;Malacostraca;Decapoda;NA;Brachyura;Malacostraca;Decapoda;Decapoda
nca;Nudibranchia;Mollusca;Gastropoda;Nudibranchia;NA;Gastropoda;Gastropoda;Gastropoda;Gastropoda
nca;Bivalvia;Mollusca;Bivalvia;NA;NA;Bivalvia;Bivalvia;Bivalvia;Bivalvia
nca;Algae;NA;NA;NA;NA;Algae;Benthic autotroph;Benthic autotroph;Benthic autotroph
nca;Shrimp;Arthropoda;Malacostraca;Decapoda;NA;Shrimp;Malacostraca;Decapoda;Decapoda
nca;Ophiuroidea;Echinodermata;Ophiuroidea;NA;NA;Ophiuroidea;Ophiuroidea;Ophiuroidea;Ophiuroidea
nca;Cephalopoda;Mollusca;Cephalopoda;NA;NA;Cephalopoda;Cephalopoda;Cephalopoda;Cephalopoda
nca;Paguroidea;Arthropoda;Malacostraca;Decapoda;NA;Anomura;Malacostraca;Decapoda;Decapoda
nca;Gastropoda;Mollusca;Gastropoda;NA;NA;Gastropoda;Gastropoda;Gastropoda;Gastropoda
nca;Stomatopoda;Arthropoda;Malacostraca;Stomatopoda;NA;Stomatopoda;Malacostraca;Stomatopoda;Stomatopoda
nca;Octopoda;Mollusca;Cephalopoda;Octopoda;NA;Cephalopoda;Cephalopoda;Cephalopoda;Cephalopoda
nca;Alcyonacea;Cnidaria;Anthozoa;Alcyonacea;NA;Octocorallia;Anthozoa;Anthozoa;Anthozoa
nca;Sabellidae;Annelida;Polychaeta;Sabellida;Sabellidae;Annelida;Annelida;Worm;Worm
nca;Spatangoida;Echinodermata;Echinoidea;Spatangoida;NA;Echinoidea;Echinoidea;Echinoidea;Echinoidea
nca;Annelida;Annelida;NA;NA;NA;Annelida;Annelida;Worm;Worm
nca;Amphipoda;Arthropoda;Malacostraca;Amphipoda;NA;Amphipoda;Malacostraca;Zooplankton;Zoopk_crust
nca;Holothuroidea;Echinodermata;Holothuroidea;NA;NA;Holothuroidea;Holothuroidea;Holothuroidea;Holothuroidea
nca;Jellyfish;Cnidaria;NA;NA;NA;Medusozoa;Medusozoa;Zooplankton;Zoopk_transp
nca;Asteroidea;Echinodermata;Asteroidea;NA;NA;Asteroidea;Asteroidea;Asteroidea;Asteroidea
nca;Porifera;Porifera;NA;NA;NA;Porifera;Porifera;Porifera;Porifera
nca;Strombidae;Mollusca;Gastropoda;Littorinimorpha;Strombidae;Gastropoda;Gastropoda;Gastropoda;Gastropoda
nca;Echinoidea;Echinodermata;Echinoidea;NA;NA;Echinoidea;Echinoidea;Echinoidea;Echinoidea
nca;Haliotidae;Mollusca;Gastropoda;Lepetellida;Haliotidae;Gastropoda;Gastropoda;Gastropoda;Gastropoda
nca;Polychaeta;Annelida;Polychaeta;NA;NA;Annelida;Annelida;Worm;Worm
nca;Cerithiidae;Mollusca;Gastropoda;NA;Cerithiidae;Gastropoda;Gastropoda;Gastropoda;Gastropoda
nca;Clypeasteroida;Echinodermata;Echinoidea;Clypeasteroida;NA;Echinoidea;Echinoidea;Echinoidea;Echinoidea
nca;Foraminifera;Foraminifera;NA;NA;NA;Foraminifera;Foraminifera;Foraminifera;Foraminifera
nca;Dentaliidae;Mollusca;Scaphopoda;Dentaliida;Dentaliidae;Scaphopoda;Scaphopoda;Scaphopoda;Scaphopoda
nca;Scleractinia;Cnidaria;Anthozoa;Scleractinia;NA;Scleractinia;Anthozoa;Anthozoa;Anthozoa
nca;Halimeda;Chlorophyta;Ulvophyceae;Bryopsidales;Halimedaceae;Algae;Benthic autotroph;Benthic autotroph;Benthic autotroph
nca;Nemertea;Nemertea;NA;NA;NA;Nemertea;Nemertea;Worm;Worm
nca;Debris;NA;NA;NA;NA;Detritus;Detritus;Detritus;Detritus
nca;Sipuncula;Sipuncula;NA;NA;NA;Sipuncula;Sipuncula;Worm;Worm
nca;Brachiopoda;Brachiopoda;NA;NA;NA;Brachiopoda;Brachiopoda;Brachiopoda;Brachiopoda
nca;Copepoda;Arthropoda;Hexanauplia;NA;NA;Copepoda;Hexanauplia;Zooplankton;Zoopk_crust
nca;Turritellidae;Mollusca;Gastropoda;NA;Turritellidae;Gastropoda;Gastropoda;Gastropoda;Gastropoda
nca;Plankton;NA;NA;NA;NA;Zooplankton;Zooplankton;Zooplankton;Plankton
nca;Polyplacophora;Mollusca;Polyplacophora;NA;NA;Polyplacophora;Polyplacophora;Polyplacophora;Polyplacophora
nca;Palinuridae/Scyllaridae;Arthropoda;Malacostraca;Decapoda;Scyllaridae;Achelata;Malacostraca;Decapoda;Decapoda
nca;Palinuridae/Scyllaridae;Arthropoda;Malacostraca;Decapoda;Palinuridae;Achelata;Malacostraca;Decapoda;Decapoda
nca;Sepiida/Teuthida;Mollusca;Cephalopoda;Teuthida;NA;Cephalopoda;Cephalopoda;Cephalopoda;Cephalopoda
nca;Sepiida/Teuthida;Mollusca;Cephalopoda;Sepiida;NA;Cephalopoda;Cephalopoda;Cephalopoda;Cephalopoda
