;grp_raw;grp;item_class;item_ord_cor;item_cor
1;Acariens;Arachnida;Arachnida;NA;Acari
7;Actiniaires;Actiniaria;Anthozoa;Actiniaria;Actiniaria
15;Alcyonacea;Alcyonaria;Anthozoa;Alcyonacea;Alcyonacea
17;Alcyonaires;Alcyonaria;Anthozoa;NA;Octocorallia
45;Alcyonarians;Alcyonaria;Anthozoa;NA;Octocorallia
50;Alcyonarians;Alcyonaria;Anthozoa;Alcyonacea;Muricea atlantica
52;Algae;Algae;NA;NA;Algae
53;Algae;Algae;Florideophyceae;Gelidiales;Gelidium sp
54;Algae;Coralline algae;Florideophyceae;Corallinales;Corallina subulata
55;Algae;Algae;Phaeophyceae;Dictyotales;Dictyota dentata
56;Algae;Algae;Florideophyceae;Ceramiales;Ceramium sp
57;Algae;Algae;Phaeophyceae;Dictyotales;Dictyota bartayresii
58;Algae;Algae;Ulvophyceae;Ulvales;Ulva lactuca
60;Algae;Algae;Florideophyceae;Gigartinales;Hypnea spinella
61;Algae;Coralline algae;Florideophyceae;Corallinales;Jania rubens
62;Algae;Algae;Florideophyceae;Gelidiales;Gelidium corneum
63;Algae;Algae;Florideophyceae;Gigartinales;Hypnea musciformis
64;Algae;Coralline algae;Florideophyceae;Corallinales;Amphiroa fragilissima
65;Algae;Coralline algae;Florideophyceae;Corallinales;Coralline_algae
68;Algae;Algae;Phaeophyceae;Sphacelariales;Sphacelaria tribuloides
69;Algae;Algae;Phaeophyceae;Fucales;Sargassum platycarpum
70;Algae;Algae;Phaeophyceae;Ectocarpales;Ectocarpus breviarticulatus
73;Algae;Algae;Ulvophyceae;Ulvales;Enteromorpha sp
74;Algae;Algae;Florideophyceae;Ceramiales;Laurencia papillosa
75;Algae;Cyanobacteria;Cyanophyceae;Oscillatoriales;Lyngbya majuscula
76;Algae;Algae;Phaeophyceae;Fucales;Turbinaria turbinata
77;Algae;Algae;Florideophyceae;Gracilariales;Gracilaria debilis
78;Algae;Algae;Ulvophyceae;Bryopsidales;Caulerpa sertularioides
80;Algae;Algae;Florideophyceae;Ceramiales;Ceramium byssoideum
82;Algae;Algae;Phaeophyceae;Dictyotales;Dictyopteris delicatula
83;Algae;Algae;Phaeophyceae;Dictyotales;Dictyota sp
84;Algae;Algae;Ulvophyceae;Bryopsidales;Caulerpa taxifolia
85;Algae;Algae;Phaeophyceae;Ectocarpales;Colpomenia sinuosa
86;Algae;Algae;Ulvophyceae;Ulvales;Enteromorpha flexuosa
89;Algae;Algae;Florideophyceae;Ceramiales;Herposiphonia sp
90;Algae;Algae;Phaeophyceae;Fucales;Sargassum polyceratium
92;Algae;Coralline algae;Florideophyceae;Corallinales;Jania capillacea
94;Algae;Algae;Phaeophyceae;Dictyotales;Dictyota divaricata
98;Algae;Diatoms;NA;NA;Diatoms
99;Algae;Algae;Florideophyceae;Rhodymeniales;Coelothrix irregularis
100;Algae;Algae;Ulvophyceae;Bryopsidales;Halimeda opuntia
101;Algae;Algae;Ulvophyceae;Bryopsidales;Halimeda sp
104;Algae;Algae;Ulvophyceae;Cladophorales;Rhizoclonium sp
105;Algae;Algae;Ulvophyceae;Cladophorales;Valonia sp
106;Algae;Algae;Phaeophyceae;Dictyotales;Dilophus guineensis
113;Algae;Algae;Florideophyceae;Ceramiales;Heterosiphonia wurdemanni
114;Algae;Algae;Ulvophyceae;Cladophorales;Rhizoclonium riparium
116;Algae;Algae;Ulvophyceae;Bryopsidales;Caulerpa vickersiae
117;Algae;Cyanobacteria;Cyanophyceae;Oscillatoriales;Microcoleus chthonoplastes
118;Algae;Algae;Phaeophyceae;Fucales;Sargassum rigidulum
119;Algae;Algae;Florideophyceae;Gelidiales;Gelidium pusillum
120;Algae;Algae;Phaeophyceae;Dictyotales;Dictyopteris plagiogramma
122;Algae;Algae;Florideophyceae;Ceramiales;Ceramium fastigiatum
124;Algae;Algae;Florideophyceae;Ceramiales;Laurencia sp
129;Algae;Seagrass;Magnoliopsida;Alismatales;Thalassia testudinum
130;Algae;Algae;Ulvophyceae;Bryopsidales;Bryopsis pennata
132;Algae;Algae;Florideophyceae;Ceramiales;Bryothamnion triquetrum
142;Algae;Algae;Florideophyceae;Ceramiales;Laurencia obtusa
147;Algae;Algae;Phaeophyceae;Fucales;Sargassum fluitans
150;Algae;Algae;Florideophyceae;Halymeniales;Cryptonemia crenulata
156;Algae;Algae;Ulvophyceae;Bryopsidales;Halimeda incrassata
163;Algae;Algae;Florideophyceae;Ceramiales;Centroceras sp
165;Algae;Algae;Florideophyceae;Rhodymeniales;Champia parvula
175;Algae;Algae;Florideophyceae;Ceramiales;Polysiphonia sp
177;Algae;Cyanobacteria;Cyanophyceae;Synechococcales;Anacystis marina
179;Algae;Algae;Florideophyceae;Ceramiales;Ceramium nitens
180;Algae;Algae;Florideophyceae;Ceramiales;Acanthophora spicifera
182;Algae;Cyanobacteria;Cyanophyceae;Oscillatoriales;Microcoleus sp
188;Algae;Algae;Florideophyceae;Gelidiales;Gelidiella acerosa
192;Algae;Algae;Florideophyceae;Gracilariales;Gracilaria mammillaris
200;Algae;Algae;Ulvophyceae;Bryopsidales;Caulerpa mexicana
201;Algae;Algae;Florideophyceae;Halymeniales;Grateloupia cuneifolia
202;Algae;Algae;Ulvophyceae;Cladophorales;Cladophora sp
203;Algae;Algae;Florideophyceae;Ceramiales;Herposiphonia secunda
205;Algae;Algae;Florideophyceae;Ceramiales;Centroceras clavulatum
216;Algae;Algae;Florideophyceae;Ceramiales;Spyridia filamentosa
217;Algae;Algae;Phaeophyceae;Fucales;Sargassum hystrix
220;Algae;Seagrass;Magnoliopsida;Alismatales;Cymodocea manatorum
229;Algae;Algae;Ulvophyceae;Bryopsidales;Halimeda monile
231;Algae;Algae;Ulvophyceae;Ulvales;Ulva sp
235;Algae;Algae;Phaeophyceae;Ectocarpales;Giffordia mitchellae
238;Algae;Algae;Ulvophyceae;Bryopsidales;Caulerpa racemosa
247;Algae;Algae;Ulvophyceae;Bryopsidales;Udotea flabellum
248;Algae;Cyanobacteria;Cyanophyceae;Nostocales;Calothrix sp
249;Algae;Cyanobacteria;Cyanophyceae;Oscillatoriales;Lyngbya sp
252;Algae;Algae;Ulvophyceae;Cladophorales;Dictyosphaeria favulosa
257;Algae;Algae;Florideophyceae;Ceramiales;Polysiphonia ferulacea
263;Algae;Algae;Phaeophyceae;Dictyotales;Dictyopteris justii
266;Algae;Algae;Phaeophyceae;Dictyotales;Dictyota linearis
267;Algae;Algae;Phaeophyceae;Dictyotales;Dictyota ciliata
270;Algae;Algae;Florideophyceae;Gigartinales;Eucheuma acanthocladum
276;Algae;Algae;Phaeophyceae;Dictyotales;Dictyopteris sp
277;Algae;Cyanobacteria;Cyanophyceae;Oscillatoriales;Oscillatoria sp
280;Algae;Algae;Florideophyceae;Nemaliales;Galaxaura sp
281;Algae;Algae;Phaeophyceae;Dictyotales;Padina gymnospora
285;Algae;Algae;Ulvophyceae;Cladophorales;Cladophora delicatula
295;Algae;Algae;Phaeophyceae;Fucales;Sargassum natans
297;Algae;Algae;Phaeophyceae;Dictyotales;Pocockiella variegata
310;Algae;Algae;Ulvophyceae;Bryopsidales;Bryopsis sp
312;Algae;Algae;Florideophyceae;Nemaliales;Liagora ceranoides
313;Algae;Algae;Florideophyceae;Ceramiales;Ceranium sp
315;Algae;Algae;Florideophyceae;Ceramiales;Chondria sp
318;Algae;Algae;Ulvophyceae;Bryopsidales;Codium isthmocladum
336;Algae;Algae;Ulvophyceae;Bryopsidales;Penicillus pyriformis
337;Algae;Algae;Florideophyceae;Ceramiales;Polysiphonia binneyi
340;Algae;Algae;Florideophyceae;Ceramiales;Chondria littoralis
350;Algae;Coralline algae;Florideophyceae;Corallinales;Lithothamnion sp
354;Algae;Algae;Florideophyceae;Ceramiales;Spermothamnion investiens
355;Algae;Algae;Ulvophyceae;Bryopsidales;Avrainvillea rawsonii
361;Algae;Algae;Florideophyceae;Nemaliales;Galaxaura squalida
365;Algae;Cyanobacteria;Cyanophyceae;Nostocales;Calothrix crustacea
372;Algae;Coralline algae;Florideophyceae;Corallinales;Jania sp
376;Algae;Algae;Florideophyceae;Rhodymeniales;Lomentaria uncinata
378;Algae;Algae;Florideophyceae;Rhodymeniales;Botryocladia occidentalis
386;Algae;Algae;NA;NA;Desmidiales
389;Algae;Algae;Florideophyceae;Ceramiales;Digenia simplex
390;Algae;Algae;Ulvophyceae;Bryopsidales;Caulerpa cupressoides
391;Algae;Algae;Phaeophyceae;Fucales;Turbinaria sp
401;Algae;Algae;Phaeophyceae;Dictyotales;Padina sp
406;Algae;Algae;Florideophyceae;Gracilariales;Gracilaria sp
421;Algae;Cyanobacteria;NA;NA;Cyanobacteria
435;Gastropoda;Gastropoda;Gastropoda;NA;Gastropoda
444;Algae;Algae;Phaeophyceae;Fucales;Sargassum sp
450;Algae;Algae;Florideophyceae;Gracilariales;Gracilaria verrucosa
459;Algae;Algae;Phaeophyceae;Fucales;Sargassum pteropleuron
461;Algae;Algae;Phaeophyceae;Sphacelariales;Sphacelaria sp
481;Algae;Algae;Phaeophyceae;Dictyotales;Padina sanctae-crucis
485;Algae;Algae;Ulvophyceae;Bryopsidales;Caulerpa prolifera
492;Algae;Coralline algae;Florideophyceae;Corallinales;Corallina cubensis
494;Algae;Algae;Florideophyceae;Gigartinales;Peyssonnelia sp
517;Algae;Algae;Ulvophyceae;Cladophorales;Valonia ventricosa
547;Algae;Algae;Florideophyceae;Ceramiales;Vidalia obtusiloba
553;Algae;Algae;Florideophyceae;Halymeniales;Halymenia florisia
560;Algae;Algae;Phaeophyceae;Dictyotales;Spatoglossum schroderi
562;Algae;Cyanobacteria;Cyanophyceae;Nostocales;Dichothrix penicillata
567;Algae;Algae;Florideophyceae;Gelidiales;Gelidium rigidulum
574;Algae;Algae;Phaeophyceae;Ectocarpales;Ectocarpus sp
578;Algae;Algae;Florideophyceae;Ceramiales;Nitophyllum sp
581;Algae;Algae;Phaeophyceae;Dictyotales;Pocockiella sp
582;Algae;Algae;Florideophyceae;Acrochaetiales;Acrochaetium sp
602;Algae;Algae;Florideophyceae;Ceramiales;Laurencia corallopsis
610;Algae&detritus;Algae;Florideophyceae;Ceramiales;Centroceras clavulatum
611;Algae&detritus;Diatoms;NA;NA;Diatoms
612;Algae&detritus;Algae;NA;NA;Algae
613;Algae&detritus;Cyanobacteria;Cyanophyceae;Oscillatoriales;Lyngbya majuscula
614;Algae&detritus;Algae;Ulvophyceae;Ulvales;Enteromorpha sp
616;Algae&detritus;Algae;Ulvophyceae;Cladophorales;Cladophora sp
619;Algae&detritus;Algae;Florideophyceae;Ceramiales;Ceramium byssoideum
621;Algae&detritus;Cyanobacteria;Cyanophyceae;Oscillatoriales;Lyngbya sp
623;Algae&detritus;Seagrass;Magnoliopsida;Alismatales;Thalassia testudinum
624;Algae&detritus;Cyanobacteria;Cyanophyceae;Oscillatoriales;Microcoleus chthonoplastes
625;Algae&orgdetritus;Algae;Florideophyceae;Ceramiales;Centroceras clavulatum
626;Algae&orgdetritus;Cyanobacteria;Cyanophyceae;Oscillatoriales;Lyngbya sp
627;Algae&orgdetritus;Algae;Florideophyceae;Ceramiales;Ceramium sp
628;Algae&orgdetritus;Algae;Florideophyceae;Gigartinales;Eucheuma echinocarpum
629;Algae&orgdetritus;Algae;Florideophyceae;Ceramiales;Ceramium byssoideum
630;Algae&orgdetritus;Algae;Florideophyceae;Ceramiales;Polysiphonia ferulacea
631;Algae&orgdetritus;Seagrass;Magnoliopsida;Alismatales;Cymodocea manatorum
632;Algae&orgdetritus;Coralline algae;Florideophyceae;Corallinales;Jania capillacea
633;Algae&orgdetritus;Algae;Florideophyceae;Nemaliales;Galaxaura lapidescens
634;Algae&orgdetritus;Cyanobacteria;Cyanophyceae;Spirulinales;Spirulina sp
635;Algae&orgdetritus;Algae;Ulvophyceae;Bryopsidales;Halimeda opuntia
636;Algae&orgdetritus;Coralline algae;Florideophyceae;Corallinales;Corallina cubensis
637;Algae&orgdetritus;Diatoms;NA;NA;Diatoms
638;Algae&orgdetritus;Algae;NA;NA;Algae
639;Algae&orgdetritus;Cyanobacteria;Cyanophyceae;Synechococcales;Plectonema nostocorum
642;Algae&orgdetritus;Algae;Ulvophyceae;Bryopsidales;Avrainvillea nigricans
643;Algae&orgdetritus;Algae;Florideophyceae;Ceramiales;Ceranium sp
647;Algae&orgdetritus;Algae;Bangiophyceae;Goniotrichales;Asterocystis ramosa
649;Algae&orgdetritus;Algae;Phaeophyceae;Dictyotales;Dictyota sp
650;Algae&orgdetritus;Algae;Florideophyceae;Ceramiales;Polysiphonia sp
654;Algae&orgdetritus;Coralline algae;Florideophyceae;Corallinales;Amphiroa fragilissima
655;Algae&orgdetritus;Algae;Ulvophyceae;Bryopsidales;Bryopsis pennata
657;Algae&orgdetritus;Algae;Phaeophyceae;Dictyotales;Pocockiella variegata
660;Algae&orgdetritus;Algae;Ulvophyceae;Ulvales;Enteromorpha flexuosa
661;Algae&orgdetritus;Algae;Phaeophyceae;Dictyotales;Dictyota divaricata
662;Algae&orgdetritus;Algae;Florideophyceae;Ceramiales;Heterosiphonia wurdemanni
663;Algae&orgdetritus;Algae;Florideophyceae;Ceramiales;Callithamnion sp
664;Algae&orgdetritus;Algae;Ulvophyceae;Bryopsidales;Halimeda incressata
666;Algae&orgdetritus;Algae;Florideophyceae;Ceramiales;Herposiphonia sp
667;Algae&orgdetritus;Algae;Ulvophyceae;Ulvales;Enteromorpha sp
669;Algae&orgdetritus;Algae;Ulvophyceae;Bryopsidales;Caulerpa sertularioides
671;Algae&orgdetritus;Cyanobacteria;Cyanophyceae;Nostocales;Dichothrix sp
673;Algae&orgdetritus;Algae;Florideophyceae;Nemaliales;Liagora ceranoides
674;Algae&orgdetritus;Coralline algae;Florideophyceae;Corallinales;Jania rubens
675;Algae&orgdetritus;Cyanobacteria;Cyanophyceae;Oscillatoriales;Lyngbya majuscula
676;Algae&orgdetritus;Algae;Florideophyceae;Gelidiales;Gelidium rigidulum
677;Algae&orgdetritus;Algae;Ulvophyceae;Ulvales;Ulva sp
679;Algae&orgdetritus;Algae;Ulvophyceae;Bryopsidales;Codium intertextum
680;Algae&orgdetritus;Algae;Florideophyceae;Ceramiales;Herposiphonia tenella
686;Algae&orgdetritus;Algae;Ulvophyceae;Cladophorales;Rhizoclonium riparium
688;Algae&orgdetritus;Algae;Florideophyceae;Gigartinales;Hypnea spinella
691;Algae&orgdetritus;Algae;Ulvophyceae;Cladophorales;Valonia utricularis
692;Algae&orgdetritus;Algae;Florideophyceae;Ceramiales;Ceramium nitens
693;Algae&orgdetritus;Algae;Florideophyceae;Ceramiales;Ceranium nitens
695;Algae&orgdetritus;Cyanobacteria;Cyanophyceae;Oscillatoriales;Phormidium sp
696;Algae&orgdetritus;Cyanobacteria;Cyanophyceae;Oscillatoriales;Oscillatoria sp
697;Algae&orgdetritus;Algae;Ulvophyceae;Bryopsidales;Caulerpa sp
700;Algae&orgdetritus;Algae;Ulvophyceae;Bryopsidales;Bryopsis sp
701;Algae&orgdetritus;Cyanobacteria;Cyanophyceae;Oscillatoriales;Phormidium penicellatum
704;Algae&orgdetritus;Algae;Ulvophyceae;Bryopsidales;Halimeda sp
705;Algae&orgdetritus;Algae;Ulvophyceae;Cladophorales;Cladophora sp
706;Algae&orgdetritus;Algae;Florideophyceae;Ceramiales;Wrangelia argus
708;Algae&orgdetritus;Algae;Florideophyceae;Ceramiales;Laurencia obtusa
711;Algae&orgdetritus;Cyanobacteria;Cyanophyceae;Chroococcales;Anacystis sp
723;Algae&orgdetritus;Algae;Ulvophyceae;Cladophorales;Cladophora delicatula
725;Algae&orgdetritus;Algae;Ulvophyceae;Bryopsidales;Caulerpa racemosa
735;Algae&orgdetritus;Algae;Florideophyceae;Ceramiales;Laurencia gemnifera
738;Algae&orgdetritus;Algae;Florideophyceae;Ceramiales;Herposiphonia secunda
739;Algae&orgdetritus;Cyanobacteria;Cyanophyceae;Oscillatoriales;Microcoleus sp
749;Algae&orgdetritus;Algae;Florideophyceae;Ceramiales;Spyridia filamentosa
755;Algae&orgdetritus;Algae;Florideophyceae;Rhodymeniales;Coelothrix irregularis
761;Algae&orgdetritus;Algae;Florideophyceae;Ceramiales;Laurencia papillosa
764;Algae&orgdetritus;Algae;Florideophyceae;Gigartinales;Hypnea musciformis
773;Algae&orgdetritus;Algae;Phaeophyceae;Fucales;Sargassum platycarpum
780;Algae&orgdetritus;Algae;Phaeophyceae;Fucales;Sargassum sp
781;Algae&orgdetritus;Algae;Florideophyceae;Gelidiales;Gelidium corneum
788;Algae&orgdetritus;Algae;Ulvophyceae;Ulvales;Ulva lactuca
796;Algae&orgdetritus;Algae;Phaeophyceae;Ectocarpales;Eudesme zosterae
797;Algae&orgdetritus;Algae;Florideophyceae;Ceramiales;Spermothamnion investiens
798;Algae&orgdetritus;Algae;Ulvophyceae;Bryopsidales;Avrainvillea sp
805;Algae&orgdetritus;Algae;Phaeophyceae;Ectocarpales;Ectocarpus sp
808;Algae&orgdetritus;Algae;Ulvophyceae;Cladophorales;Dictyosphaeria favulosa
812;Algae_benthic_bitten;Algae;NA;NA;Algae
813;Algae_diatoms;Algae;NA;NA;Algae
816;Algae_frags;Algae;NA;NA;Algae
834;Algae_frags_diatoms;Algae;NA;NA;Algae
838;Amphineura;Polyplacophora;Solenogastres;NA;Solenogastres
839;Amphineura;Polyplacophora;Polyplacophora;NA;Polyplacophora
844;Amphiopods;Amphipoda;Malacostraca;Amphipoda;Gammaridae
845;Amphiopods;Amphipoda;Malacostraca;Amphipoda;Amphipoda
846;Amphiopods;Amphipoda;Malacostraca;Amphipoda;Neomicrodentopus sp
849;Amphiopods;Amphipoda;Malacostraca;Amphipoda;Hyperiidea
857;Amphiopods;Amphipoda;Malacostraca;Amphipoda;Lysianassidae
861;Amphiopods;Amphipoda;Malacostraca;Amphipoda;Paraphoxus sp
863;Amphiopods;Amphipoda;Malacostraca;Amphipoda;Leucothoe sp
869;Amphiopods;Amphipoda;Malacostraca;Amphipoda;Caprellidae
874;Amphiopods;Amphipoda;Malacostraca;Amphipoda;Ampelisca sp
876;Amphiopods;Amphipoda;Malacostraca;Amphipoda;Photidae
877;Amphiopods;Amphipoda;Malacostraca;Amphipoda;Elasmopus sp
894;Amphiopods;Amphipoda;Malacostraca;Amphipoda;Hyale sp
918;Amphiopods;Amphipoda;Malacostraca;Amphipoda;Colomastix sp
930;Amphiopods;Amphipoda;Malacostraca;Amphipoda;Metopidae
937;Amphiopods;Amphipoda;Malacostraca;Amphipoda;Cymadusa sp
939;Amphiopods;Amphipoda;Malacostraca;Amphipoda;Photis sp
957;Amphiopods;Amphipoda;Malacostraca;Amphipoda;Eurystheus sp
961;Amphiopods;Amphipoda;Malacostraca;Amphipoda;Cymadusa filosa
962;Amphiopods;Amphipoda;Malacostraca;Amphipoda;Corophium sp
963;Amphiopods;Amphipoda;Malacostraca;Amphipoda;Megamphopus sp
985;Amphiopods;Amphipoda;Malacostraca;Amphipoda;Isaeidae
995;Amphipodes;Amphipoda;Malacostraca;Amphipoda;Amphipoda
1119;Amphipodes;Amphipoda;Malacostraca;Amphipoda;Amphipoda
1201;Anemones;Actiniaria;Anthozoa;Actiniaria;Actiniaria
1203;Animal_unid;Animalia;NA;NA;Animalia
1254;Fish;Fish;Actinopterygii;Perciformes;Pomacentridae
1259;Annelid;Annelida;NA;NA;Annelida
1260;Anthozoans;Scleractinia;Anthozoa;Scleractinia;Pocillopora damicornis
1261;Anthozoans;Scleractinia;Anthozoa;Scleractinia;Scleractinia
1262;Anthozoans;Scleractinia;Anthozoa;Scleractinia;Porites superfusa
1263;Anthozoans;Scleractinia;Anthozoa;Scleractinia;Porites sp
1264;Anthozoans;Anthozoa;Anthozoa;NA;Anthozoa
1265;Anthozoans;Scleractinia;Anthozoa;Scleractinia;Pocillpora sp
1266;Anthozoans;Actiniaria;Anthozoa;Actiniaria;Bunodactis stelloides
1269;Anthozoans;Scleractinia;Anthozoa;Scleractinia;Colpophyllia sp
1278;Anthozoans;Scleractinia;Anthozoa;Scleractinia;Porites
1279;Anthozoans;Scleractinia;Anthozoa;Scleractinia;Goniastrea parvistella
1280;Anthozoans;Scleractinia;Anthozoa;Scleractinia;Acropora sp
1286;Anthozoans;Scleractinia;Anthozoa;Scleractinia;Montipora sp
1288;Anthozoans;Actiniaria;Anthozoa;Actiniaria;Phyllactis flosculifera
1293;Anthozoans;Scleractinia;Anthozoa;Scleractinia;Pavona varians
1298;Anthozoans;Actiniaria;Anthozoa;Actiniaria;Phyllactis flosculifera
1303;Anthozoans;Scleractinia;Anthozoa;Scleractinia;Cladocora arbuscula
1307;Anthozoans;Scleractinia;Anthozoa;Scleractinia;Pocillopora sp
1314;Anthozoans;Actiniaria;Anthozoa;Actiniaria;Bunodosoma granulifera
1320;Anthozoans;Scleractinia;Anthozoa;Scleractinia;Oculina diffusa
1321;Anthozoans;Scleractinia;Anthozoa;Scleractinia;Porites lobata
1324;Appendiculaires;Tunicata;Appendicularia;NA;Appendicularia
1346;Arachnides;Arachnida;Arachnida;NA;Arachnida
1348;Arachnids;Arachnida;Arachnida;NA;Arachnida
1349;Ascidies;Tunicata;Ascidiacea;NA;Ascidiacea
1425;Asteroids;Asteroidea;Asteroidea;Paxillosida;Astropecten sp
1426;Asteroids;Asteroidea;Asteroidea;Valvatida;Oreaster reticulata
1427;Asteroids;Asteroidea;Asteroidea;Valvatida;Linckia guildingi
1428;Asteroids;Asteroidea;Asteroidea;NA;Asteroidea
1433;Asteroids;Asteroidea;Asteroidea;Valvatida;Ophidiaster sp
1435;Barnacle;Cirripedia;Hexanauplia;NA;Cirripedia
1442;Barnacle;Cirripedia;Hexanauplia;Pedunculata;Lepas sp
1448;Bluegreen algae;Cyanobacteria;NA;NA;Cyanobacteria
1456;Bryozoa;Bryozoa;NA;NA;Bryozoa
1470;Bryozoaires;Bryozoa;NA;NA;Bryozoa
1480;Calcareous_frags;NA;NA;NA;NA
1481;Polychaeta;Polychaeta;Polychaeta;NA;Polychaeta
1483;Cephalochordates;Cephalochordata;NA;NA;Cephalochordata
1487;Cephalopoda;Cephalopoda;Cephalopoda;Octopoda;Octopus sp
1488;Cephalopoda;Cephalopoda;Cephalopoda;Octopoda;Octopoda
1490;Cephalopoda;Cephalopoda;Cephalopoda;Octopoda;Octopus cyanea
1492;Cephalopodes;Cephalopoda;Cephalopoda;NA;Cephalopoda
1506;Cephalopods;Cephalopoda;Cephalopoda;NA;Cephalopoda
1516;Chaetognaths;Chaetognatha;NA;NA;Chaetognatha
1520;Chitons;Polyplacophora;Polyplacophora;NA;Polyplacophora
1521;Chitons;Polyplacophora;Polyplacophora;Chitonida;Acanthochitona pygmaea
1524;Chitons;Polyplacophora;Polyplacophora;Chitonida;Acanthochitona sp
1525;Chitons;Polyplacophora;Polyplacophora;Chitonida;Choneplax lata
1526;Chitons;Polyplacophora;Polyplacophora;Chitonida;Acanthochiton hemphili
1533;Chitons;Polyplacophora;Polyplacophora;Chitonida;Ischnochiton papillosus
1534;Chordata;Chordata;Enteropneusta;NA;Ptychodera sp
1538;Cirripèdes;Cirripedia;Hexanauplia;NA;Cirripedia
1564;Cirripèdes panaches;Cirripedia;Hexanauplia;NA;Cirripedia
1568;Coelentarate;Hydrozoa;Hydrozoa;NA;Hydrozoa
1569;Coelentarate;Hydrozoa;Hydrozoa;Anthoathecata;Stylaster sanguineus
1572;Coelentarate;Scleractinia;Anthozoa;Scleractinia;Scleractinia
1573;Coelenterata_polyps;Cnidaria;NA;NA;Coelenterata
1574;Copepodes;Copepoda;Hexanauplia;NA;Copepoda
1578;Copepodes;Copepoda;Hexanauplia;Calanoida;Calanoida
1580;Copepodes;Copepoda;Hexanauplia;Harpacticoida;Harpacticoida
1583;Copepodes;Copepoda;Hexanauplia;Cyclopoida;Cyclopoida
1623;Copepodes;Copepoda;Hexanauplia;Monstrilloida;Monstrilloida
1640;Copepodes;Copepoda;Hexanauplia;Caligoida;Caligoida
1659;Copepodes;Shrimp;Malacostraca;Decapoda;Shrimp
1677;Copepodes;Insecta;Insecta;NA;Insecta
1681;Copepodes;Copepoda;Hexanauplia;Cyclopoida;Cyclopoida
1703;Copepodes;Copepoda;Hexanauplia;Cycloida;Cycloida
1758;Copepods;Copepoda;Hexanauplia;Calanoida;Undinula vulgaris
1759;Copepods;Copepoda;Hexanauplia;Calanoida;Calanoida
1760;Copepods;Copepoda;Hexanauplia;Calanoida;Scolecithrix danae
1761;Copepods;Copepoda;Hexanauplia;Cyclopoida;Cyclopoida
1764;Copepods;Copepoda;Hexanauplia;Calanoida;Temora turbinata
1766;Copepods;Copepoda;Hexanauplia;Calanoida;Paracalanus parvus
1767;Copepods;Copepoda;Hexanauplia;Harpacticoida;Harpacticoida
1768;Copepods;Copepoda;Hexanauplia;Calanoida;Euchaeta marina
1769;Copepods;Copepoda;Hexanauplia;Calanoida;Centropages hamatus
1770;Copepods;Copepoda;Hexanauplia;NA;Copepoda
1772;Copepods;Copepoda;Hexanauplia;Calanoida;Paracalanus aculeatus
1773;Copepods;Copepoda;Hexanauplia;Calanoida;Candacia pachydactyla
1775;Copepods;Copepoda;Hexanauplia;Calagoida;Calagoida
1779;Copepods;Copepoda;Hexanauplia;Harpacticoida;Miracia efferata
1785;Copepods;Copepoda;Hexanauplia;Harpacticoida;Microsetella norvegica
1786;Copepods;Copepoda;Hexanauplia;Poecilostomatoida;Oncaea sp
1794;Copepods;Copepoda;Hexanauplia;Calanoida;Labidocera scotti
1805;Copepods;Copepoda;Hexanauplia;Poecilostomatoida;Farrangula gracilis
1806;Copepods;Copepoda;Hexanauplia;Calanoida;Temora stylifera
1809;Copepods;Copepoda;Hexanauplia;Poecilostomatoida;Corycaeus subulatus
1811;Copepods;Copepoda;Hexanauplia;Harpacticoida;Miracia minor
1815;Copepods;Copepoda;Hexanauplia;Calanoida;Nannocalanus minor
1817;Copepods;Copepoda;Hexanauplia;Harpacticoida;Euterpina acutifrons
1830;Copepods;Copepoda;Hexanauplia;Calanoida;Calanopia americana
1846;Copepods;Copepoda;Hexanauplia;Calanoida;Eucalanus monachus
1853;Copepods;Copepoda;Hexanauplia;Poecilostomatoida;Corycaeus sp
1871;Copepods;Copepoda;Hexanauplia;Calanoida;Paracalanus sp
1875;Copepods;Copepoda;Hexanauplia;Poecilostomatoida;Corycaeus amazonicus
1887;Copepods;Copepoda;Hexanauplia;Calanoida;Acartia negligens
1895;Copepods;Copepoda;Hexanauplia;Calanoida;Paracalanus crassirostris
1898;Copepods;Copepoda;Hexanauplia;Calanoida;Calocalanus sp
1902;Copepods;Copepoda;Hexanauplia;Calanoida;Pontella sp
1907;Copepods;Copepoda;Hexanauplia;Harpacticoida;Metis holothuria
1914;Copepods;Copepoda;Hexanauplia;Calanoida;Rhincalanus cornutus
1928;Copepods;Copepoda;Hexanauplia;Siphonostomatoida;Siphonostomatoida
1953;Copepods;Copepoda;Hexanauplia;Calanoida;Eucalanus attenuatus
1965;Copepods;Copepoda;Hexanauplia;Cyclopoida;Oithona sp
1985;Copepods;Copepoda;Hexanauplia;Poecilostomatoida;Sapphrina sp
1990;Coralline_algae;Coralline algae;Florideophyceae;Corallinales;Coralline_algae
1997;Crab;Crab;Malacostraca;Decapoda;Emerita sp
1998;Crab;Crab;Malacostraca;Decapoda;Portunidae
1999;Crab;Crab;Malacostraca;Decapoda;Sesarma sp
2000;Crab;Crab;Malacostraca;Decapoda;Calappidae
2001;Crab;Crab;Malacostraca;Decapoda;Portunus sebae
2003;Crab;Crab;Malacostraca;Decapoda;Brachyura
2004;Crab;Crab;Malacostraca;Decapoda;Petrolisthes galathinus
2005;Crab;Crab;Malacostraca;Decapoda;Crab
2007;Crab;Crab;Malacostraca;Decapoda;Majidae
2008;Crab;Crab;Malacostraca;Decapoda;Trapezia sp
2013;Crab;Crab;Malacostraca;Decapoda;Mithrax coryphe
2015;Crab;Crab;Malacostraca;Decapoda;Stenorhynchus seticornis
2016;Crab;Crab;Malacostraca;Decapoda;Portunus sp
2017;Crab;Crab;Malacostraca;Decapoda;Domecia hispida
2018;Crab;Crab;Malacostraca;Decapoda;Hippidae
2019;Crab;Decapoda;Malacostraca;Decapoda;Decapoda
2027;Crab;Crab;Malacostraca;Decapoda;Oxyrhynchid
2030;Crab;Crab;Malacostraca;Decapoda;Xanthidae
2038;Crab;Crab;Malacostraca;Decapoda;Mithrax sp
2041;Crab;Crab;Malacostraca;Decapoda;Raninidae
2062;Crab;Crab;Malacostraca;Decapoda;Percnon gibbesi
2067;Crab;Crab;Malacostraca;Decapoda;Ranilia muricata
2073;Crab;Crab;Malacostraca;Decapoda;Porcellanidae
2075;Crab;Crab;Malacostraca;Decapoda;Leptodius floridanus
2079;Crab;Crab;Malacostraca;Decapoda;Charybdis sp
2084;Crab;Crab;Malacostraca;Decapoda;Tetralia glaberrima
2085;Crab;Crab;Malacostraca;Decapoda;Petrolisthes sp
2088;Crab;Crab;Malacostraca;Decapoda;Thalamita sp
2089;Crab;Crab;Malacostraca;Decapoda;Portunus anceps
2093;Crab;Crab;Malacostraca;Decapoda;Pitho sp
2097;Crab;Crab;Malacostraca;Decapoda;Calappa ocellata
2100;Crab;Crab;Malacostraca;Decapoda;Petrolisthes polita
2120;Crab;Crab;Malacostraca;Decapoda;Leiolambrus nitidus
2123;Crab;Crab;Malacostraca;Decapoda;Platypodia spectabilis
2154;Crab;Crab;Malacostraca;Decapoda;Pitho lherminieri
2160;Crab;Crab;Malacostraca;Decapoda;Goneplacidae
2166;Crab;Crab;Malacostraca;Decapoda;Mithrax cinctimanus
2168;Crab;Crab;Malacostraca;Decapoda;Mithrax sculptus
2173;Crab;Crab;Malacostraca;Decapoda;Grapsidae
2185;Crab;Crab;Malacostraca;Decapoda;Xanthodius denticulatus
2198;Crab;Crab;Malacostraca;Decapoda;Etisus sp
2205;Crab;Crab;Malacostraca;Decapoda;Parthenopidae
2214;Crab;Crab;Malacostraca;Decapoda;Portunus ordwayi
2227;Shrimp;Shrimp;Malacostraca;Decapoda;Shrimp
2230;Crab;Crab;Malacostraca;Decapoda;Callinectes sp
2240;Crab;Crab;Malacostraca;Decapoda;Parthenope serrata
2241;Crab;Crab;Malacostraca;Decapoda;Cronius ruber
2243;Crab;Crab;Malacostraca;Decapoda;Carpilius corallinus
2245;Crab;Crab;Malacostraca;Decapoda;Arenaeus cribrarius
2262;Crab;Crab;Malacostraca;Decapoda;Pitho aculeata
2270;Crab;Crab;Malacostraca;Decapoda;Herbstia sp
2276;Crab;Crab;Malacostraca;Decapoda;Mithrax verrucosus
2277;Crab;Crab;Malacostraca;Decapoda;Calappa gallus
2294;Crab;Crab;Malacostraca;Decapoda;Kraussia rugulosus
2311;Crab;Crab;Malacostraca;Decapoda;Albunea gibbesii
2314;Crab;Crab;Malacostraca;Decapoda;Pilumnus sp
2321;Crab;Crab;Malacostraca;Decapoda;Microphrys bicornutus
2329;Crab;Crab;Malacostraca;Decapoda;Actaea acantha
2333;Crab;Crab;Malacostraca;Decapoda;Persephona punctata
2334;Crab;Crab;Malacostraca;Decapoda;Portunus bahamensis
2349;Crab;Crab;Malacostraca;Decapoda;Mithrax forceps
2357;Crab;Crab;Malacostraca;Decapoda;Grapsoidae
2364;Crab;Crab;Malacostraca;Decapoda;Calappa sp
2379;Crab;Crab;Malacostraca;Decapoda;Upogebia sp
2395;Crab;Crab;Malacostraca;Decapoda;Pachygrapsus plicatus
2397;Crab;Crab;Malacostraca;Decapoda;Chorinus heros
2403;Crab;Crab;Malacostraca;Decapoda;Tetralia sp
2427;Crab;Crab;Malacostraca;Decapoda;Actaea rufopunctata
2485;Shrimp;Shrimp;Malacostraca;Decapoda;Periclimenes sp
2486;Crab;Crab;Malacostraca;Decapoda;Panopeus sp
2496;Crab;Crab;Malacostraca;Decapoda;Acanthonyx petiverii
2502;Crab;Crab;Malacostraca;Decapoda;Pinnotheridae
2511;Crab;Crab;Malacostraca;Decapoda;Macrocoeloma trispinosum
2513;Crab;Crab;Malacostraca;Decapoda;Calappa flammea
2532;Crab;Crab;Malacostraca;Decapoda;Euryplax nitida
2545;Crab;Crab;Malacostraca;Decapoda;Cronius tumidulus
2555;Crab;Crab;Malacostraca;Decapoda;Porcellana sayana
2586;Crab;Crab;Malacostraca;Decapoda;Macrocoelema sp
2595;Crab;Crab;Malacostraca;Decapoda;Chlorodiella longimana
2650;Crab;Crab;Malacostraca;Decapoda;Percnon sp
2654;Crab;Crab;Malacostraca;Decapoda;Portunus longispinosus
2673;Crab;Crab;Malacostraca;Decapoda;Leucosiidae
2676;Crab;Crab;Malacostraca;Decapoda;Emerita portoricensis
2677;Crab;Crab;Malacostraca;Decapoda;Pisosoma sp
2678;Crab;Crab;Malacostraca;Decapoda;Lydia annulipes
2681;Crab;Crab;Malacostraca;Decapoda;Oxystomata
2707;Crab;Crab;Malacostraca;Decapoda;Sicyonia sp
2719;Crab;Crab;Malacostraca;Decapoda;Ebalia stimpsonii
2724;Crabes;Crab;Malacostraca;Decapoda;Crab
2726;Crinoid;Crinoidea;Crinoidea;NA;Crinoidea
2728;Crustacea;Crustacea;NA;NA;Crustacea
2729;Crustacea;Copepoda;Hexanauplia;NA;Copepoda
2732;Crustacea;Isopoda;Malacostraca;Isopoda;Isopoda
2748;Crustacea;Crab;Malacostraca;Decapoda;Xanthidae
2749;Crustacea;Ostracoda;Ostracoda;NA;Ostracoda
2762;Crustacea;Crab;Malacostraca;Decapoda;Majidae
2771;Crustacea;Cirripedia;Hexanauplia;NA;Cypris_larvae
2814;Crustacea;Copepoda;Hexanauplia;Calanoida;Calanoida
2815;Crustacea;Zooplankton;Malacostraca;Mysida;Mysida
2846;Crustacea;Decapoda;Malacostraca;Decapoda;Galathea sp
2847;Crustacea;Copepoda;Hexanauplia;Cyclopoida;Cyclopoida
2867;Crustacea;Crab;Malacostraca;Decapoda;Parthenopidae
2975;Crustacea;Zooplankton;Malacostraca;Leptostraca;Nebaliacea
3037;Crustacea;Copepoda;Hexanauplia;Caligoida;Caligoida
3076;Crustacea;Copepoda;Hexanauplia;Harpacticoida;Harpacticoida
3146;Ctenophores;Ctenophora;NA;NA;Ctenophora
3147;Cumacés;Zooplankton;Malacostraca;Cumacea;Cumacea
3192;Cumacés;Zooplankton;Malacostraca;Cumacea;Cumacea
3204;Cumacés;Zooplankton;Malacostraca;Cumacea;Cumacea
3207;Debris;Detritus;NA;NA;Detritus_OM
3210;Debris_OM;Detritus;NA;NA;Detritus_OM
3216;Debris_Sand_Foraminifera;Detritus;NA;NA;Organic
3217;Debris_unid;Detritus;NA;NA;Organic
3223;Decapod larvae;Decapoda;Malacostraca;Decapoda;Decapoda
3225;Detritus;Detritus;NA;NA;Detritus_OM
3230;Detritus_sand;Detritus;NA;NA;Detritus_OM
3237;Detritus_Sand;Detritus;NA;NA;Detritus_OM
3238;Diatoms;Diatoms;NA;NA;Diatoms
3244;Diatoms_colonial;Diatoms;NA;NA;Diatoms
3245;Divers;NA;NA;NA;NA
3247;Echinides;Echinoidea;Echinoidea;NA;Echinoidea
3273;Echinoderms;Echinodermata;NA;NA;Echinodermata
3274;Echinoids;Echinoidea;Echinoidea;Echinoida;Echinometra sp
3275;Echinoids;Echinoidea;Echinoidea;Cidaroida;Eucidaris metularia
3276;Echinoids;Echinoidea;Echinoidea;Cidaroida;Eucidaris tribuloides
3278;Echinoids;Echinoidea;Echinoidea;NA;Echinoidea
3279;Echinoids;Echinoidea;Echinoidea;Diadematoida;Diadema antillarum
3280;Echinoids;Echinoidea;Echinoidea;Temnopleuroida;Lytechinus variegatus
3288;Echinoids;Echinoidea;Echinoidea;Spatangoida;Brissus brissus
3289;Echinoids;Echinoidea;Echinoidea;Spatangoida;Spatangoida
3290;Echinoids;Echinoidea;Echinoidea;Echinoida;Echinometra viridis
3293;Echinoids;Echinoidea;Echinoidea;Echinoida;Echinometra mathaei
3297;Echinoids;Echinoidea;Echinoidea;Echinoida;Heterocentrotus mammillatus
3299;Echinoids;Echinoidea;Echinoidea;Spatangoida;Maretia sp
3303;Echinoids;Echinoidea;Echinoidea;Camarodonta;Echinometridae
3309;Echinoids;Echinoidea;Echinoidea;Spatangoida;Moira atropus
3327;Echinoids;Echinoidea;Echinoidea;Echinoida;Echinometra lacunter
3349;Echinoids;Echinoidea;Echinoidea;Cidaroida;Eucidaris sp
3350;Echinoids;Echinoidea;Echinoidea;Temnopleuroida;Tripneustes esculentus
3351;Echinoids;Echinoidea;Echinoidea;Clypeasteroida;Clypeaster sp
3368;Echinoids;Echinoidea;Echinoidea;Cidaroida;Cidaridea
3397;Echiures;Polychaeta;Polychaeta;Echiura;Echiuroidae
3401;Echiuroids;Polychaeta;Polychaeta;Echiura;Echiuroidae
3403;Eggs;Eggs;NA;NA;Eggs
3410;Eggs_demersal;Eggs;NA;NA;Eggs
3413;Eggs_invert;Eggs;NA;NA;Eggs
3415;Eggs_planktonic;Eggs;NA;NA;Eggs
3420;Eggs_unid;Eggs;NA;NA;Eggs
3436;Eponges;Porifera;NA;NA;Porifera
3486;Euphausids;Zooplankton;Malacostraca;Euphausiacea;Euphausiacea
3489;Filamentous_algae;Algae;NA;NA;Algae
3575;Filamentous_red_algae;Algae;NA;NA;Algae
3576;Fish;Fish;Actinopterygii;NA;Fish
3577;Fish;Fish;Actinopterygii;Acanthuriformes;Acanthurus sp
3578;Fish;Fish;Actinopterygii;Tetraodontiformes;Cantherhines pullus
3579;Fish;Fish;Actinopterygii;Clupeiformes;Clupeidae
3580;Fish;Fish;Actinopterygii;Clupeiformes;Jenkinsia sp
3581;Fish;Fish;Actinopterygii;Labriformes;Scaridae
3583;Fish;Fish;Actinopterygii;Priacanthiformes;Priacanthus arenatus
3585;Fish;Fish;Actinopterygii;Tetraodontiformes;Diodon hystrix
3586;Fish;Fish;Actinopterygii;Tetraodontiformes;Monacanthus sp
3587;Fish;Fish;Actinopterygii;Anguilliformes;Anguilliformes
3589;Fish;Fish;Actinopterygii;Labriformes;Halichoeres sp
3592;Fish;Fish;Actinopterygii;Clupeiformes;Engraulidae
3593;Fish;Fish;Actinopterygii;Perciformes;Opisthognathus sp
3594;Fish;Fish;Actinopterygii;Perciformes;Scorpaena plumieri
3595;Fish;Fish;Actinopterygii;NA;Fish_eggs
3597;Fish;Fish;Actinopterygii;Tetraodontiformes;Sphoeroides sp
3598;Fish;Fish;Actinopterygii;Perciformes;Stegastes fasciolatus
3599;Fish;Fish;Actinopterygii;Lutjaniformes;Haemulon aurolineatum
3602;Fish;Fish;Actinopterygii;Blenniiformes;Cirripectes variolosus
3603;Fish;Fish;Actinopterygii;Perciformes;Plectroglyphidodon dickii
3605;Fish;Fish;Actinopterygii;Syngnathiformes;Pseudupeneus maculatus
3608;Fish;Fish;Actinopterygii;Tetraodontiformes;Sphoeroides spengleri
3611;Fish;Fish;Actinopterygii;Labriformes;Labridae
3612;Fish;Fish;Actinopterygii;Perciformes;Pomacentridae
3617;Fish;Fish;Actinopterygii;Atheriniformes;Hypoatherina harringtonensis
3618;Fish;Fish;Actinopterygii;Atheriniformes;Atherinomorus stipes
3620;Fish;Fish;Actinopterygii;Labriformes;Sparisoma sp
3621;Fish;Fish;Actinopterygii;Blenniiformes;Cirripectes sp
3622;Fish;Fish;Actinopterygii;Perciformes;Siganus sp
3623;Fish;Fish;Actinopterygii;Perciformes;Plectroglyphidodon leucozonus
3625;Fish;Fish;Actinopterygii;Perciformes;Chromis multilineata
3635;Fish;Fish;Actinopterygii;Perciformes;Epinephelus sp
3636;Fish;Fish;Actinopterygii;Perciformes;Abudefduf sp
3639;Fish;Fish;Actinopterygii;Kurtiformes;Ostorhinchus novemfasciatus
3640;Fish;Fish;Actinopterygii;Atheriniformes;Hypoatherina ovalaua
3646;Fish;Fish;Actinopterygii;NA;Fish_larvae
3649;Fish;Fish;Actinopterygii;Myliobatiformes;Dasyatis americana
3650;Fish;Fish;Actinopterygii;Tetraodontiformes;Diodon sp
3657;Fish;Fish;Actinopterygii;Gobiiformes;Gobiidae
3659;Fish;Fish;Actinopterygii;Acanthuriformes;Acanthurus triostegus
3660;Fish;Fish;Actinopterygii;Tetraodontiformes;Balistidae
3662;Fish;Fish;Actinopterygii;Syngnathiformes;Parupeneus trifasciatus
3663;Fish;Fish;Actinopterygii;Gobiiformes;Ctenogobius sp
3664;Fish;Fish;Actinopterygii;Perciformes;Chrysiptera brownriggii
3669;Fish;Fish;Actinopterygii;Atheriniformes;Atherinidae
3670;Fish;Fish;Actinopterygii;Carangiformes;Carangidae
3672;Fish;Fish;Actinopterygii;Lutjaniformes;Haemulon sp
3673;Fish;Fish;Actinopterygii;Clupeiformes;Harengula sp
3674;Fish;Fish;Actinopterygii;Perciformes;Serranus sp
3676;Fish;Fish;Actinopterygii;Clupeiformes;Jenkinsia lamprotaenia
3677;Fish;Fish;Actinopterygii;Clupeiformes;Anchoa sp
3679;Fish;Fish;Actinopterygii;Perciformes;Microspathodon chrysurus
3680;Fish;Fish;Actinopterygii;Anguilliformes;Gymnothorax miliaris
3681;Fish;Fish;Actinopterygii;Anguilliformes;Muraenidae
3682;Fish;Fish;Actinopterygii;Holocentriformes;Myripristis jacobus
3683;Fish;Fish;Actinopterygii;Tetraodontiformes;Tetraodontidae
3685;Fish;Fish;Actinopterygii;Perciformes;Stegastes fuscus
3688;Fish;Fish;Actinopterygii;Lutjaniformes;Lutjanus griseus
3689;Fish;Fish;Actinopterygii;Pleurotomariida;Scarus sp
3692;Fish;Fish;Actinopterygii;Aulopiformes;Synodontidae
3693;Fish;Fish;Actinopterygii;Acanthuriformes;Ctenochaetus striatus
3695;Fish;Fish;Actinopterygii;Labriformes;Scarus iseri
3696;Fish;Fish;Actinopterygii;Labriformes;Sparisoma aurofrenatum
3697;Fish;Fish;Actinopterygii;Labriformes;Sparisoma viride
3698;Fish;Fish;Actinopterygii;Syngnathiformes;Aulostomus chinensis
3700;Fish;Fish;Actinopterygii;Blenniiformes;Plagiotremus goslinei
3701;Fish;Fish;Actinopterygii;Perciformes;Parapercidae
3712;Fish;Fish;Actinopterygii;Perciformes;Labridae
3714;Fish;Fish;Actinopterygii;Blenniiformes;Istiblennius sp
3716;Fish;Fish;Actinopterygii;Perciformes;Chromis ternatensis
3718;Fish;Fish;Actinopterygii;Clupeiformes;Anchoa parva
3723;Fish;Fish;Actinopterygii;Beloniformes;Tylosurus sp
3732;Fish;Fish;Actinopterygii;Clupeiformes;Cetengraulis edentulus
3733;Fish;Fish;Actinopterygii;Clupeiformes;Harengula humeralis
3734;Fish;Fish;Actinopterygii;Mugiliformes;Mugil sp
3737;Fish;Fish;Actinopterygii;Blenniiformes;Blenniidae
3739;Fish;Fish;Actinopterygii;Spariformes;Calamus sp
3748;Fish;Fish;Actinopterygii;Tetraodontiformes;Stephanolepis setifer
3752;Fish;Fish;Actinopterygii;Acanthuriformes;Acanthurus bahianus
3754;Fish;Fish;Actinopterygii;Kurtiformes;Apogonidae
3756;Fish;Fish;Actinopterygii;Blenniiformes;Clinidae
3757;Fish;Fish;Actinopterygii;Perciformes;Chromis cyanea
3759;Fish;Fish;Actinopterygii;Lutjaniformes;Haemulon flavolineatum
3760;Fish;Fish;Actinopterygii;Holocentriformes;Sargocentron coruscum
3761;Fish;Fish;Actinopterygii;Holocentriformes;Holocentrus rufus
3762;Fish;Fish;Actinopterygii;Blenniiformes;Labrisomus kalisherae
3763;Fish;Fish;Actinopterygii;Blenniiformes;Malacoctenus gilli
3765;Fish;Fish;Actinopterygii;Blenniiformes;Ophioblennius atlanticus
3766;Fish;Fish;Actinopterygii;Perciformes;Pomacentrus sp
3767;Fish;Fish;Actinopterygii;Perciformes;Stegastes pictus
3769;Fish;Fish;Actinopterygii;Gobiiformes;Priolepis hipoliti
3770;Fish;Fish;Actinopterygii;Labriformes;Thalassoma bifasciatum
3775;Fish;Fish;Actinopterygii;Perciformes;Stegastes planifrons
3779;Fish;Fish;Actinopterygii;Perciformes;Abudefduf saxatilis
3785;Fish;Fish;Actinopterygii;Carangiformes;Selar crumenophthalmus
3788;Fish;Fish;Actinopterygii;Gobiiformes;Coryphopterus sp
3789;Fish;Fish;Actinopterygii;Tetraodontiformes;Monacanthidae
3791;Fish;Fish;Actinopterygii;Carangiformes;Trachinotus baillonii
3802;Fish;Fish;Actinopterygii;Beloniformes;Hemiramphus brasiliensis
3808;Fish;Fish;Actinopterygii;Gobiiformes;Bathygobius fuscus
3809;Fish;Fish;Actinopterygii;Perciformes;Amphiprion melanopus
3810;Fish;Fish;Actinopterygii;Kurtiformes;Pristiapogon exostigma
3821;Fish;Fish;Actinopterygii;Kurtiformes;Phaeoptyx pigmentaria
3823;Fish;Fish;Actinopterygii;Gobiiformes;Eviota sp
3827;Fish;Fish;Actinopterygii;Aulopiformes;Saurida sp
3831;Fish;Fish;Actinopterygii;Kurtiformes;Pristiapogon kallopterus
3832;Fish;Fish;Actinopterygii;Acanthuriformes;Acanthurus nigrofuscus
3833;Fish;Fish;Actinopterygii;Tetraodontiformes;Canthigaster sp
3838;Fish;Fish;Actinopterygii;Perciformes;Plectroglyphidodon imparipennis
3851;Fish;Fish;Actinopterygii;Holocentriformes;Sargocentron xantherythrum
3854;Fish;Fish;Actinopterygii;Anguilliformes;Gymnothorax margaritophorus
3856;Fish;Fish;Actinopterygii;Syngnathiformes;Syngnathidae
3857;Fish;Fish;Actinopterygii;Holocentriformes;Neoniphon sammara
3871;Fish;Fish;Actinopterygii;Clupeiformes;Spratelloides delicatulus
3875;Fish;Fish;Actinopterygii;Syngnathiformes;Aulostomus maculatus
3877;Fish;Fish;Actinopterygii;Pempheriformes;Pempheris oualensis
3885;Fish;Fish;Actinopterygii;Chaetodontiformes;Chaetodontidae
3886;Fish;Fish;Actinopterygii;Perciformes;Chrysiptera biocellata
3898;Fish;Fish;Actinopterygii;Syngnathiformes;Mullidae
3904;Fish;Fish;Actinopterygii;Beloniformes;Ablennes hians
3908;Fish;Fish;Actinopterygii;Tetraodontiformes;Canthigaster rostrata
3910;Fish;Fish;Actinopterygii;Carangiformes;Caranx crysos
3912;Fish;Fish;Actinopterygii;Carangiformes;Decapterus sp
3914;Fish;Fish;Actinopterygii;Anguilliformes;Echidna catenata
3916;Fish;Fish;Actinopterygii;Clupeiformes;Harengula clupeola
3918;Fish;Fish;Actinopterygii;Lutjaniformes;Ocyurus chrysurus
3920;Fish;Fish;Actinopterygii;Perciformes;Sphyraena picudilla
3921;Fish;Fish;Actinopterygii;Aulopiformes;Trachinocephalus myops
3922;Fish;Fish;Actinopterygii;Perciformes;Chrysiptera glauca
3925;Fish;Fish;Actinopterygii;Labriformes;Scarus sp
3932;Fish;Fish;Actinopterygii;Anguilliformes;Congridae
3936;Fish;Fish;Actinopterygii;Aulopiformes;Synodus intermedius
3938;Fish;Fish;Actinopterygii;Gobiiformes;Gnatholepis anjerensis
3947;Fish;Fish;Actinopterygii;NA;Fish_eggs
3948;Fish;Fish;Actinopterygii;Holocentriformes;Holocentrus sp
3959;Fish;Fish;Actinopterygii;Tetraodontiformes;Monacanthus tuckeri
3962;Fish;Fish;Actinopterygii;Blenniiformes;Starksia sp
3964;Fish;Fish;Actinopterygii;Labriformes;Halichoeres garnoti
3965;Fish;Fish;Actinopterygii;Holocentriformes;Holocentrus adscensionis
3974;Fish;Fish;Actinopterygii;Kurtiformes;Apogon erythrinus
3976;Fish;Fish;Actinopterygii;Gobiiformes;Coryphopterus personatus
3987;Fish;Fish;Actinopterygii;Labriformes;Bodianus rufus
3990;Fish;Fish;Actinopterygii;Atheriniformes;Hypoatherina temminckii
3997;Fish;Fish;Actinopterygii;Perciformes;Serranidae
3998;Fish;Fish;Actinopterygii;Anguilliformes;Gymnothorax sp
3999;Fish;Fish;Actinopterygii;Lutjaniformes;Haemulon vittatum
4000;Fish;Fish;Actinopterygii;Syngnathiformes;Mulloidichthys martinicus
4003;Fish;Fish;Actinopterygii;Tetraodontiformes;Lactophrys sp
4004;Fish;Fish;Actinopterygii;Tetraodontiformes;Lactophrys triqueter
4010;Fish;Fish;Actinopterygii;Priacanthiformes;Heteropriacanthus cruentatus
4017;Fish;Fish;Actinopterygii;Lutjaniformes;Haemulon sciurus
4019;Fish;Fish;Actinopterygii;Labriformes;Scarus coeruleus
4022;Fish;Fish;Actinopterygii;Clupeiformes;Anchoa lamprotaenia
4025;Fish;Fish;Actinopterygii;Perciformes;Cephalopholis fulva
4028;Fish;Fish;Actinopterygii;Labriformes;Clepticus parrae
4029;Fish;Fish;Actinopterygii;Anguilliformes;Enchelycore nigricans
4031;Fish;Fish;Actinopterygii;Anguilliformes;Gymnothorax moringa
4034;Fish;Fish;Actinopterygii;Labriformes;Halichoeres bivittatus
4039;Fish;Fish;Actinopterygii;Perciformes;Hypoplectrus puella
4042;Fish;Fish;Actinopterygii;Lutjaniformes;Lutjanus sp
4043;Fish;Fish;Actinopterygii;Clupeiformes;Opisthonema oglinum
4054;Fish;Fish;Actinopterygii;Labriformes;Scarus vetula
4061;Fish;Fish;Actinopterygii;Beloniformes;Belonidae
4090;Fish;Fish;Actinopterygii;Acanthuriformes;Acanthurus coeruleus
4104;Fish;Fish;Actinopterygii;Carangiformes;Caranx ruber
4121;Fish;Fish;Actinopterygii;Syngnathiformes;Fistularia tabacaria
4133;Fish;Fish;Actinopterygii;Acanthuriformes;Naso sp
4136;Fish;Fish;Actinopterygii;Perciformes;Odontoscion dentex
4141;Fish;Fish;Actinopterygii;Syngnathiformes;Diplogrammus goramensis
4143;Fish;Fish;Actinopterygii;Blenniiformes;Chaenopsis ocellata
4151;Fish;Fish;Actinopterygii;Holocentriformes;Holocentridae
4172;Fish;Fish;Actinopterygii;Tetraodontiformes;Xanthichthys ringens
4181;Fish;Fish;Actinopterygii;Syngnathiformes;Dactylopterus volitans
4209;Fish;Fish;Actinopterygii;Labriformes;Halichoeres poeyi
4227;Fish;Fish;Actinopterygii;Blenniiformes;Blenniella gibbifrons
4239;Fish;Fish;Actinopterygii;Perciformes;Scorpaenidae
4244;Fish;Fish;Actinopterygii;Labriformes;Pseudocheilinus sp
4250;Fish;Fish;Actinopterygii;Perciformes;Malacanthus plumieri
4285;Fish;Fish;Actinopterygii;Anguilliformes;Ophichthidae
4286;Fish;Fish;Actinopterygii;Labriformes;Thalassoma duperrey
4292;Fish;Fish;Actinopterygii;Clupeiformes;Anchoa hepsetus
4306;Crab;Crab;Malacostraca;Decapoda;Goneplacidae
4320;Fish;Fish;Actinopterygii;Lutjaniformes;Haemulon plumierii
4347;Fish;Fish;Actinopterygii;Labriformes;Halichoeres maculipinna
4348;Fish;Fish;Actinopterygii;Centrarchiformes;Cirrhitops fasciatus
4361;Fish;Fish;Actinopterygii;Perciformes;Holacanthus tricolor
4364;Fish;Fish;Actinopterygii;Blenniiformes;Entomacrodus nigricans
4379;Fish;Fish;Actinopterygii;Anguilliformes;Myrichthys sp
4385;Fish;Fish;Actinopterygii;Beloniformes;Parexocoetus brachypterus
4412;Fish;Fish;Actinopterygii;Holocentriformes;Sargocentron diadema
4414;Fish;Fish;Actinopterygii;Blenniiformes;Blenniella paula
4439;Fish;Fish;Actinopterygii;Perciformes;Diplectrum radiale
4441;Fish;Fish;Actinopterygii;Blenniiformes;Enneapterygius minutus
4454;Fish;Fish;Actinopterygii;Lutjaniformes;Haemulon carbonarium
4468;Fish;Fish;Actinopterygii;Perciformes;Scorpaena inermis
4476;Fish;Fish;Actinopterygii;Syngnathiformes;Hippocampus sp
4481;Fleshy_algae;Algae;NA;NA;Algae
4482;Foraminifera;Foraminifera;NA;NA;Foraminifera
4484;Foraminifera;Foraminifera;Globothalamea;Rotaliida;Calcarina sp
4497;Foraminifera;Foraminifera;Tubothalamea;Miliolida;Marginopora sp
4625;Foraminifera;Foraminifera;NA;Miliolida;Marginopora sp
4634;Foraminifera_Sand;Foraminifera;NA;NA;Foraminifera
4637;Frags_unid;NA;NA;NA;NA
4695;Galatheides;Crab;Malacostraca;Decapoda;Galatheidae
4712;Garbage;NA;NA;NA;NA
4715;Gastropoda;Gastropoda;Gastropoda;NA;Gastropoda
4717;Gastropoda;Gastropoda;Gastropoda;NA;Cerithium sp
4718;Gastropoda;Gastropoda;Gastropoda;Cephalaspidea;Atys sp
4730;Gastropoda;Gastropoda;Gastropoda;Littorinimorpha;Vermetidae
4741;Gastropoda;Gastropoda;Gastropoda;NA;Veliger_larvae
4753;Gastropoda;Gastropoda;Gastropoda;Littorinimorpha;Cypraea carneola
4764;Gastropoda;Gastropoda;Gastropoda;Neogastropoda;Oliva sp
4767;Gastropoda;Gastropoda;Gastropoda;Littorinimorpha;Natica sp
4775;Gastropodes;Gastropoda;Gastropoda;NA;Gastropoda
4939;Gastropods;Gastropoda;Gastropoda;NA;Acmaea pustulata
4940;Gastropods;Gastropoda;Gastropoda;Neogastropoda;Muricopsis hexagonus
4941;Gastropods;Gastropoda;Gastropoda;Neogastropoda;Oliva caribaeensis
4942;Gastropods;Gastropoda;Gastropoda;NA;Gastropoda
4943;Gastropods;Gastropoda;Gastropoda;Neogastropoda;Hyalina sp
4945;Gastropods;Gastropoda;Gastropoda;Neogastropoda;Buccinidae
4946;Gastropods;Gastropoda;Gastropoda;Neogastropoda;Nitidella sp
4948;Gastropods;Gastropoda;Gastropoda;Littorinimorpha;Natica sp
4949;Gastropods;Gastropoda;Gastropoda;NA;Turritella sp
4950;Gastropods;Gastropoda;Gastropoda;Trochida;Tegula lividomaculata
4952;Gastropods;Gastropoda;Gastropoda;Neogastropoda;Murex sp
4953;Gastropods;Gastropoda;Gastropoda;Littorinimorpha;Balcis intermedia
4954;Gastropods;Gastropoda;Gastropoda;Neogastropoda;Murex pomum
4956;Gastropods;Gastropoda;Gastropoda;NA;Cerithium sp
4957;Gastropods;Gastropoda;Gastropoda;Littorinimorpha;Strombus gigas
4958;Gastropods;Gastropoda;Gastropoda;Lepetellida;Fissurella sp
4960;Gastropods;Gastropoda;Gastropoda;Trochida;Tricolia bella
4961;Gastropods;Gastropoda;Gastropoda;NA;Acmaeidae
4963;Gastropods;Gastropoda;Gastropoda;Neogastropoda;Turridae
4965;Gastropods;Gastropoda;Gastropoda;NA;Acmaea sp
4966;Gastropods;Gastropoda;Gastropoda;Neogastropoda;Columbella mercatoria
4969;Gastropods;Gastropoda;Gastropoda;NA;Modulus modulus
4970;Gastropods;Gastropoda;Gastropoda;Neogastropoda;Oliva sp
4971;Gastropods;Gastropoda;Gastropoda;Neogastropoda;Hyalina lunata
4972;Gastropods;Gastropoda;Gastropoda;NA;Veliger_larvae
4973;Gastropods;Gastropoda;Gastropoda;Ellobiida;Melampus cofleus
4974;Gastropods;Gastropoda;Gastropoda;Neogastropoda;Bailya sp
4978;Gastropods;Gastropoda;Gastropoda;Trochida;Astraea tuber
4980;Gastropods;Gastropoda;Gastropoda;Littorinimorpha;Rissoina fischeri
4982;Gastropods;Gastropoda;Gastropoda;Trochida;Tegula sp
4983;Gastropods;Gastropoda;Gastropoda;Littorinimorpha;Vermetidae
4985;Gastropods;Gastropoda;Gastropoda;NA;Epitonium sp
4986;Gastropods;Gastropoda;Gastropoda;Trochida;Arene sp
4990;Gastropods;Gastropoda;Gastropoda;Neogastropoda;Hyalina albolineata
4992;Gastropods;Gastropoda;Gastropoda;Littorinimorpha;Strombus gallus
4993;Gastropods;Gastropoda;Gastropoda;Trochida;Turbinidae
4995;Gastropods;Gastropoda;Gastropoda;NA;Acmaea antillarum
4998;Gastropods;Gastropoda;Gastropoda;Trochida;Astraea longispina
4999;Gastropods;Gastropoda;Gastropoda;Littorinimorpha;Strombus sp
5000;Gastropods;Gastropoda;Gastropoda;Littorinimorpha;Caecum sp
5001;Gastropods;Gastropoda;Gastropoda;NA;Planaxis lineatus
5002;Gastropods;Gastropoda;Gastropoda;Lepetellida;Fissurella barbadensis
5004;Gastropods;Gastropoda;Gastropoda;Littorinimorpha;Zebina browniana
5005;Gastropods;Gastropoda;Gastropoda;Pleurotomariida;Schismope sp
5013;Gastropods;Gastropoda;Gastropoda;Neogastropoda;Vasum muricatum
5014;Gastropods;Gastropoda;Gastropoda;Littorinimorpha;Caecum pulchellum
5015;Gastropods;Gastropoda;Gastropoda;Littorinimorpha;Natica canrena
5016;Gastropods;Gastropoda;Gastropoda;Neogastropoda;Nitidella nitida
5021;Gastropods;Gastropoda;Gastropoda;Neogastropoda;Olivella sp
5025;Gastropods;Gastropoda;Gastropoda;Lepetellida;Diodora viridula
5027;Gastropods;Gastropoda;Gastropoda;Lepetellida;Diodora sp
5028;Gastropods;Gastropoda;Gastropoda;Neogastropoda;Nassarius sp
5029;Gastropods;Gastropoda;Gastropoda;Trochida;Cittarium pica
5030;Gastropods;Gastropoda;Gastropoda;Cephalaspidea;Retusa sp
5031;Pelecypods;Bivalvia;Bivalvia;Veneroida;Pitar sp
5035;Gastropods;Gastropoda;Gastropoda;Littorinimorpha;Crucibulum auricula
5036;Gastropods;Gastropoda;Gastropoda;Littorinimorpha;Caecum nitidum
5037;Gastropods;Gastropoda;Gastropoda;Neogastropoda;Mitrella lunata
5040;Gastropods;Gastropoda;Gastropoda;Neogastropoda;Anachis sp
5041;Gastropods;Gastropoda;Gastropoda;NA;Litiopa melanostoma
5043;Gastropods;Gastropoda;Gastropoda;Littorinimorpha;Rissoina cancellata
5044;Gastropods;Gastropoda;Gastropoda;NA;Alcididae
5045;Gastropods;Gastropoda;Gastropoda;Trochida;Turbo castanea
5047;Gastropods;Gastropoda;Gastropoda;Trochida;Tricolia tessellata
5048;Gastropods;Gastropoda;Gastropoda;NA;Turbonilla sp
5049;Gastropods;Gastropoda;Gastropoda;NA;Acmaea leucopleura
5050;Gastropods;Gastropoda;Gastropoda;Nudibranchia;Nudibranchia
5052;Gastropods;Gastropoda;Gastropoda;Lepetellida;Hemitoma octoradiata
5053;Gastropods;Gastropoda;Gastropoda;Trochida;Tricolia adamsi
5054;Gastropods;Gastropoda;Gastropoda;Trochida;Synaptocochlea picta
5055;Gastropods;Gastropoda;Gastropoda;Littorinimorpha;Littorina angulifera
5056;Gastropods;Gastropoda;Gastropoda;Cephalaspidea;Atys sp
5060;Gastropods;Gastropoda;Gastropoda;Siphonariida;Siphonaria sp
5067;Gastropods;Gastropoda;Gastropoda;Trochida;Calliostoma javanicum
5068;Gastropods;Gastropoda;Gastropoda;Cycloneritida;Smaragdia picta
5069;Gastropods;Gastropoda;Gastropoda;NA;Seila adamsi
5070;Gastropods;Gastropoda;Gastropoda;NA;Cerithium eburneum
5071;Gastropods;Gastropoda;Gastropoda;Neogastropoda;Persicula lavalleeana
5072;Gastropods;Gastropoda;Gastropoda;Trochida;Pseudostomatella coccinea
5078;Gastropods;Gastropoda;Gastropoda;Neogastropoda;Nassarius albus
5082;Gastropods;Gastropoda;Gastropoda;Ostreoida;Crassostrea rhizophorae
5084;Gastropods;Gastropoda;Gastropoda;Neogastropoda;Purpura patula
5086;Gastropods;Gastropoda;Gastropoda;Littorinimorpha;Littorina meleagris
5087;Gastropods;Gastropoda;Gastropoda;Littorinimorpha;Cymatium labiosum
5091;Gastropods;Gastropoda;Gastropoda;Lepetellida;Emarginula pumila
5093;Gastropods;Gastropoda;Gastropoda;Neogastropoda;Hyalina avena
5096;Gastropods;Gastropoda;Gastropoda;NA;Epitonium turritellulum
5098;Gastropods;Gastropoda;Gastropoda;NA;Bittium varium
5100;Gastropods;Gastropoda;Gastropoda;NA;Echinospira
5104;Gastropods;Zooplankton;Gastropoda;Pteropoda;Pteropoda
5107;Gastropods;Gastropoda;Gastropoda;NA;Cerithium litteratum
5108;Gastropods;Gastropoda;Gastropoda;Lepetellida;Fissurella nodosa
5109;Gastropods;Gastropoda;Gastropoda;Trochida;Arene tricarinata
5110;Gastropods;Gastropoda;Gastropoda;NA;Tridachia crispata
5115;Gastropods;Gastropoda;Gastropoda;NA;Cerithium algicola
5119;Gastropods;Gastropoda;Gastropoda;Neogastropoda;Anachis sparsa
5123;Gastropods;Gastropoda;Gastropoda;Littorinimorpha;Alvania auberina
5124;Gastropods;Gastropoda;Gastropoda;Littorinimorpha;Littorina ziczac
5125;Gastropods;Gastropoda;Gastropoda;Trochida;Tegula fasciata
5127;Gastropods;Gastropoda;Gastropoda;Neogastropoda;Nitidella ocellata
5133;Gastropods;Gastropoda;Gastropoda;Cephalaspidea;Bulla striata
5137;Gastropods;Gastropoda;Gastropoda;NA;Cerithiopsis emersoni
5140;Gastropods;Gastropoda;Gastropoda;Neogastropoda;Nitidella laevigata
5145;Gastropods;Gastropoda;Gastropoda;Lepetellida;Diodora listeri
5147;Gastropods;Gastropoda;Gastropoda;Littorinimorpha;Rissoina sp
5153;Gastropods;Gastropoda;Gastropoda;Trochida;Pseudostomatella erythrocoma
5158;Gastropods;Gastropoda;Gastropoda;Neogastropoda;Mangelia sp
5160;Gastropods;Gastropoda;Gastropoda;Neogastropoda;Fasciolaria tulipa
5161;Gastropods;Gastropoda;Gastropoda;NA;Batillaria sp
5166;Gastropods;Gastropoda;Gastropoda;Neogastropoda;Bullata ovuliformis
5168;Gastropods;Gastropoda;Gastropoda;Neogastropoda;Drillia sp
5170;Gastropods;Gastropoda;Gastropoda;Neogastropoda;Coralliophila caribaea
5178;Gastropods;Gastropoda;Gastropoda;Neogastropoda;Olivella petiolita
5179;Gastropods;Gastropoda;Gastropoda;Neogastropoda;Crassispira nigrescens
5180;Gastropods;Gastropoda;Gastropoda;Cephalaspidea;Atys riiseana
5185;Gastropods;Gastropoda;Gastropoda;Cephalaspidea;Haminoea elegans
5194;Gastropods;Gastropoda;Gastropoda;Trochida;Calliostoma sp
5195;Gastropods;Gastropoda;Gastropoda;Neogastropoda;Columbellidae
5196;Gastropods;Gastropoda;Gastropoda;Trochida;Astraea sp
5197;Gastropods;Gastropoda;Gastropoda;Trochida;Astraea caelata
5198;Gastropods;Gastropoda;Gastropoda;Lepetellida;Diodora variegata
5201;Gastropods;Gastropoda;Gastropoda;Neogastropoda;Conus juliae
5207;Gastropods;Gastropoda;Gastropoda;Cycloneritida;Nerita peloronta
5210;Pelecypods;Bivalvia;Bivalvia;Veneroida;Ervilia nitens
5215;Gastropods;Gastropoda;Gastropoda;Cephalaspidea;Bulla sp
5220;Gastropods;Gastropoda;Gastropoda;NA;Acteonidae
5228;Gastropods;Gastropoda;Gastropoda;Littorinimorpha;Petaloconchus sp
5229;Gastropods;Gastropoda;Gastropoda;Neogastropoda;Mitra sp
5230;Gastropods;Gastropoda;Gastropoda;Lepetellida;Fissurella augusta
5237;Gastropods;Gastropoda;Gastropoda;Cycloneritida;Smaragdia viridis
5244;Gastropods;Gastropoda;Gastropoda;Neogastropoda;Daphnella lymneiformis
5245;Gastropods;Gastropoda;Gastropoda;Neogastropoda;Pyrgocythara sp
5248;Gastropods;Zooplankton;Gastropoda;Pteropoda;Cavolina sp
5249;Gastropods;Gastropoda;Gastropoda;Littorinimorpha;Cyclostremiscus ornatus
5250;Bivalvia;Bivalvia;Bivalvia;NA;Bivalvia
5255;Gastropods;Gastropoda;Gastropoda;Neogastropoda;Mitra barbadensis
5258;Gastropods;Gastropoda;Gastropoda;Neogastropoda;Olivella nivea
5260;Gastropods;Gastropoda;Gastropoda;Littorinimorpha;Sinum perspectivum
5261;Gastropods;Gastropoda;Gastropoda;Neogastropoda;Mitrella nitens
5262;Gastropods;Gastropoda;Gastropoda;Littorinimorpha;Cymatium sp
5266;Gastropods;Gastropoda;Gastropoda;Ellobiida;Melampus coffeus
5274;Amphiopods;Amphipoda;Malacostraca;Amphipoda;Elasmopus sp
5280;Gastropods;Gastropoda;Gastropoda;Littorinimorpha;Polinices lacteus
5286;Gastropods;Gastropoda;Gastropoda;Littorinimorpha;Tonna sp
5287;Gastropods;Gastropoda;Gastropoda;Lepetellida;Diodora cayenensis
5290;Sipunculids;Sipuncula;Phascolosomatidea;Aspidosiphonida;Aspidosiphon sp
5292;Gastropods;Gastropoda;Gastropoda;Littorinimorpha;Trivia sp
5294;Gastropods;Gastropoda;Gastropoda;Neogastropoda;Crassispira fuscescens
5295;Gastropods;Gastropoda;Gastropoda;Neogastropoda;Marginella sp
5304;Gastropods;Zooplankton;Gastropoda;Pteropoda;Cavolina longirostris
5307;Gastropods;Gastropoda;Gastropoda;Neogastropoda;Muricidae
5308;Gastropods;Gastropoda;Gastropoda;Neogastropoda;Risomurex roseus
5316;Gastropods;Gastropoda;Gastropoda;Neogastropoda;Pusia sp
5318;Gastropods;Gastropoda;Gastropoda;Littorinimorpha;Naticidae
5319;Gastropods;Gastropoda;Gastropoda;Neogastropoda;Oliva reticularis
5322;Gastropods;Gastropoda;Gastropoda;NA;Pyramidella candida
5326;Gastropods;Gastropoda;Gastropoda;Trochida;Tegula excavata
5332;Gastropods;Gastropoda;Gastropoda;Trochida;Turbo sp
5334;Gastropods;Gastropoda;Gastropoda;Littorinimorpha;Hipponix subrufus
5335;Gorgonians;Alcyonaria;Anthozoa;Alcyonacea;Alcyonacea
5336;Gorgonians;Alcyonaria;Anthozoa;Alcyonacea;Gorgonia flabellum
5337;Gorgonians;Alcyonaria;Anthozoa;Alcyonacea;Muricea laxa
5342;Gorgonians;Alcyonaria;Anthozoa;Alcyonacea;Plexaura flexcuosa
5343;Gorgonians;Alcyonaria;Anthozoa;Alcyonacea;Eunicea calyculata
5346;Gorgonians;Alcyonaria;Anthozoa;Alcyonacea;Muricea sp
5347;Gorgonians;Alcyonaria;Anthozoa;Alcyonacea;Pterogorgia sp
5349;Greenfilaments_unid;NA;NA;NA;NA
5351;Gurry;NA;Actinopterygii;NA;Gurry
5361;Hemichordates;Hemichordata;NA;NA;Hemichordata
5366;Hemichordates;Hemichordata;Enteropneusta;NA;Enteropneusta
5368;Hermit_crab;Paguroidea;Malacostraca;Decapoda;Calcinus tibicen
5369;Hermit_crab;Paguroidea;Malacostraca;Decapoda;Paguroidea
5371;Hermit_crab;Paguroidea;Malacostraca;Decapoda;Paguristes sp
5373;Hermit_crab;Paguroidea;Malacostraca;Decapoda;Clibanarius tricolor
5378;Hermit_crab;Paguroidea;Malacostraca;Decapoda;Paguristes anomalus
5380;Hermit_crab;Paguroidea;Malacostraca;Decapoda;Paguristes grayi
5381;Hermit_crab;Paguroidea;Malacostraca;Decapoda;Diogenidae
5387;Hermit_crab;Paguroidea;Malacostraca;Decapoda;Calcinus sulcatus
5390;Hermit_crab;Paguroidea;Malacostraca;Decapoda;Clibanarius sp
5392;Hermit_crab;Paguroidea;Malacostraca;Decapoda;Paguristes wassi
5393;Hermit_crab;Paguroidea;Malacostraca;Decapoda;Petrochirus diogenes
5398;Hermit_crab;Paguroidea;Malacostraca;Decapoda;Spiropagurus sp
5403;Hermit_crab;Paguroidea;Malacostraca;Decapoda;Dardanus venosus
5405;Hermit_crab;Paguroidea;Malacostraca;Decapoda;Pagurus miamensis
5417;Hermit_crab;Paguroidea;Malacostraca;Decapoda;Pagurus bonairensis
5422;Hermit_crab;Paguroidea;Malacostraca;Decapoda;Calcinus sp
5426;Hermit_crab;Paguroidea;Malacostraca;Decapoda;Coenobita sp
5432;Hermit_crab;Paguroidea;Malacostraca;Decapoda;Paguristes depressus
5434;Heteropods;Arachnida;Arachnida;Araneae;Heteropoda
5438;Holothurians;Holothuria;Holothuroidea;NA;Holothuroidea
5441;Holothurians;Holothuria;Holothuroidea;Aspidochirotida;Holothuria sp
5444;Holothurians;Holothuria;Holothuroidea;Aspidochirotida;Holothuria arenicola
5446;Holothurians;Holothuria;Holothuroidea;Dendrochirotida;Thyone pseudofusus
5452;Holothurides;Holothuria;Holothuroidea;NA;Holothuroidea
5470;Hydraires;Hydrozoa;Hydrozoa;NA;Hydrozoa
5518;Hydroids;Hydrozoa;Hydrozoa;NA;Hydrozoa
5533;Hydroids_frags;Hydrozoa;Hydrozoa;NA;Hydrozoa
5534;Hydrozoans;Hydrozoa;Hydrozoa;NA;Hydrozoa
5540;Hydrozoans;Hydrozoa;Hydrozoa;Anthoathecata;Pennaria sp
5545;Hydrozoans;Hydrozoa;Hydrozoa;Anthoathecata;Millepora alcicornis
5549;Hydrozoans;Hydrozoa;Hydrozoa;Leptothecata;Sertularia sp
5550;Insecta;Insecta;Insecta;NA;Insecta
5563;Insecta;Insecta;Insecta;Hymenoptera;Hymenoptera
5569;Insecta;Insecta;Insecta;Diptera;Diptera
5584;Insecta;Insecta;Insecta;Coleoptera;Coleoptera
5616;Insecta;Insecta;Insecta;NA;Insecta
5617;Isopods;Isopoda;Malacostraca;Isopoda;Isopoda
5618;Isopods;Isopoda;Malacostraca;Isopoda;Paracerceis caudata
5625;Isopods;Isopoda;Malacostraca;Isopoda;Flabellifera
5630;Isopods;Isopoda;Malacostraca;Isopoda;Stenetrium sp
5631;Isopods;Isopoda;Malacostraca;Isopoda;Gnathiidae
5632;Isopods;Isopoda;Malacostraca;Isopoda;Sphaeromatidae
5667;Isopods;Isopoda;Malacostraca;Isopoda;Cymothoidae
5711;Isopods;Isopoda;Malacostraca;Isopoda;Anthuridae
5749;Isopods;Isopoda;Malacostraca;Isopoda;Corallanidae
5775;Isopods;Isopoda;Malacostraca;Isopoda;Asellote sp
5776;Isopods;Isopoda;Malacostraca;Isopoda;Excorallana antillensis
5794;Isopods;Isopoda;Malacostraca;Isopoda;Cymodoce sp
5809;Isopods;Isopoda;Malacostraca;Isopoda;Excorallana sp
5829;Larvaceans;Tunicata;Appendicularia;NA;Appendicularia
5842;Larvae_unid;Animalia;NA;NA;Animalia
5843;Limestone_powder;NA;NA;NA;NA
5852;Limpets;Gastropoda;Gastropoda;NA;Patellogastropoda
5854;Lobster;Crab;Malacostraca;Decapoda;Phyllosoma_larvae
5855;Macroalgae;Algae;NA;NA;Macroalgae
5916;Madréporaires;Scleractinia;Anthozoa;Scleractinia;Scleractinia
5949;Material_unid;NA;NA;NA;NA
5950;Mites;Arachnida;Arachnida;NA;Acari
5954;Mollusca;Mollusca;NA;NA;Protoconch
5955;Mollusk;Mollusca;NA;NA;Mollusca
5964;Mollusques;Mollusca;NA;NA;Mollusca
6008;Mysids;Zooplankton;Malacostraca;Mysida;Mysida
6039;Natantia;Decapoda;Malacostraca;Decapoda;Decapoda
6040;Natantia;Decapoda;Malacostraca;Decapoda;Natantia
6043;Nebaliaceans;Zooplankton;Malacostraca;Leptostraca;Nebalia sp
6044;Nematodes;Nematoda;NA;NA;Nematoda
6066;Nemerteans;Nemertea;NA;NA;Nemertea
6067;Nemertinea;Nemertea;NA;NA;Nemertea
6068;Octopods;Cephalopoda;Cephalopoda;Octopoda;Octopoda
6074;Octopuses;Cephalopoda;Cephalopoda;Octopoda;Octopoda
6084;Octopuses;Cephalopoda;Cephalopoda;Octopoda;Octopus briareus
6087;Octopuses;Cephalopoda;Cephalopoda;Octopoda;Octopus vulgaris
6089;OM;Detritus;NA;NA;Detritus_OM
6107;Ophiurides;Ophiuroidea;Ophiuroidea;NA;Ophiuroidea
6135;Ophiurids;Ophiuroidea;Ophiuroidea;NA;Ophiuroidea
6137;Ophiurids;Ophiuroidea;Ophiuroidea;Ophiurida;Ophiothrix sp
6141;Ophiurids;Ophiuroidea;Ophiuroidea;Ophiurida;Ophionereis sp
6144;Ophiurids;Ophiuroidea;Ophiuroidea;Ophiurida;Ophioderma rubicundum
6145;Ophiurids;Ophiuroidea;Ophiuroidea;Ophiurida;Ophioderma sp
6146;Ophiurids;Ophiuroidea;Ophiuroidea;Ophiurida;Ophioderma brevispinum
6151;Ophiurids;Ophiuroidea;Ophiuroidea;Ophiurida;Ophiocoma echinata
6154;Ophiurids;Ophiuroidea;Ophiuroidea;Ophiurida;Amphiura fibulata
6161;Ophiurids;Ophiuroidea;Ophiuroidea;Ophiurida;Ophioderma squamosissimum
6166;Ophiurids;Ophiuroidea;Ophiuroidea;Ophiurida;Ophiocoma riisei
6169;Ophiurids;Ophiuroidea;Ophiuroidea;Ophiurida;Amphiuridae
6173;Ophiurids;Ophiuroidea;Ophiuroidea;Ophiurida;Ophiocoma sp
6181;Ophiurids;Ophiuroidea;Ophiuroidea;Ophiurida;Ophiactis sp
6184;Ophiurids;Ophiuroidea;Ophiuroidea;Amphilepidida;Ophiothrix sp
6188;Ophiurids;Ophiuroidea;Ophiuroidea;Ophiurida;Amphipholis gracillima
6204;Ophiurids;Ophiuroidea;Ophiuroidea;Ophiurida;Ophiothrix lineata
6224;Ophiurids_frags;Ophiuroidea;Ophiuroidea;NA;Ophiuroidea
6225;Opisthobranchia;Gastropoda;Gastropoda;NA;Opisthobranchia
6234;Opistobranches;Gastropoda;Gastropoda;NA;Opisthobranchia
6298;Org_frags;Detritus;NA;NA;Organic
6300;Org_slurry;Detritus;NA;NA;Detritus_OM
6303;Orgmaterial_unid;Detritus;NA;NA;Organic
6304;Ostracoda;Ostracoda;Ostracoda;NA;Ostracoda
6305;Ostracodes;Ostracoda;Ostracoda;NA;Ostracoda
6409;Ostracods;Ostracoda;Ostracoda;NA;Ostracoda
6421;Ostracods;Ostracoda;Ostracoda;NA;Cypridinine
6422;Ostracods;Ostracoda;Ostracoda;Podocopida;Bairdoppilata carinata
6445;Pagures;Paguroidea;Malacostraca;Decapoda;Paguroidea
6523;Pagurid_crab;Paguroidea;Malacostraca;Decapoda;Paguroidea
6531;Pebbles;Inorganic;NA;NA;Inorganic
6532;Pelecypoda;Bivalvia;Bivalvia;NA;Bivalvia
6533;Pelecypodes;Bivalvia;Bivalvia;Pterioida;Pincada martensi
6534;Pelecypodes;Bivalvia;Bivalvia;NA;Bivalvia
6539;Pelecypodes;Bivalvia;Bivalvia;Pterioida;Isognomon costellatum
6542;Pelecypodes;Bivalvia;Bivalvia;Lucinoida;Codakia punctata
6544;Pelecypodes;Bivalvia;Bivalvia;NA;Valsella auriculata
6547;Pelecypodes;Bivalvia;Bivalvia;Arcoida;Arca sp
6550;Pelecypodes;Bivalvia;Bivalvia;Veneroida;Semelangulus sp
6554;Pelecypodes;Bivalvia;Bivalvia;Mytiloida;Lithophaga sp
6583;Pelecypodes;Bivalvia;Bivalvia;Veneroida;Chama sp
6596;Pelecypodes;Bivalvia;Bivalvia;Ostreoida;Ostreidae
6624;Pelecypodes;Mollusca;Bivalvia;NA;Protoconch
6633;Pelecypodes;Bivalvia;Bivalvia;Pectinoida;Pectinidae
6640;Pelecypods;Bivalvia;Bivalvia;Veneroida;Tellina sp
6641;Pelecypods;Bivalvia;Bivalvia;NA;Bivalvia
6645;Pelecypods;Bivalvia;Bivalvia;Pectinoida;Pecten sp
6646;Pelecypods;Bivalvia;Bivalvia;Veneroida;Laevicardium sp
6647;Pelecypods;Bivalvia;Bivalvia;Veneroida;Chione sp
6648;Pelecypods;Bivalvia;Bivalvia;Veneroida;Chama sp
6650;Pelecypods;Bivalvia;Bivalvia;Veneroida;Pitar sp
6652;Pelecypods;Bivalvia;Bivalvia;Veneroida;Cumingia antillarum
6653;Pelecypods;Bivalvia;Bivalvia;Veneroida;Asaphis deflorata
6656;Pelecypods;Bivalvia;Bivalvia;Mytiloida;Musculus lateralis
6657;Pelecypods;Bivalvia;Bivalvia;Pterioida;Pinctada sp
6658;Pelecypods;Bivalvia;Bivalvia;Veneroida;Americardia guppyi
6659;Pelecypods;Bivalvia;Bivalvia;Pterioida;Pteria colymbus
6660;Pelecypods;Bivalvia;Bivalvia;Pterioida;Isognomon radiatus
6662;Pelecypods;Bivalvia;Bivalvia;Veneroida;Chione cancellata
6663;Pelecypods;Bivalvia;Bivalvia;Ostreoida;Ostrea sp
6665;Pelecypods;Bivalvia;Bivalvia;Nuculanoida;Yoldia perprotracta
6666;Pelecypods;Bivalvia;Bivalvia;Solemyoida;Solemya occidentalis
6667;Pelecypods;Bivalvia;Bivalvia;Veneroida;Americardia media
6668;Pelecypods;Bivalvia;Bivalvia;Arcoida;Arcopsis adamsi
6669;Pelecypods;Bivalvia;Bivalvia;Veneroida;Tellina caribaea
6671;Pelecypods;Bivalvia;Bivalvia;Veneroida;Papyridea semisulcata
6673;Pelecypods;Bivalvia;Bivalvia;Myoida;Corbula contracta
6674;Pelecypods;Bivalvia;Bivalvia;Arcoida;Arcidae
6680;Pelecypods;Bivalvia;Bivalvia;Pectinoida;Aequipecten lineolaris
6682;Pelecypods;Bivalvia;Bivalvia;Lucinoida;Divaricella quadrisulcata
6684;Pelecypods;Bivalvia;Bivalvia;Veneroida;Papyridea sp
6686;Pelecypods;Bivalvia;Bivalvia;Lucinoida;Codakia pectinella
6687;Pelecypods;Bivalvia;Bivalvia;Arcoida;Glycymeris sp
6688;Pelecypods;Bivalvia;Bivalvia;Pterioida;Pinctada radiata
6689;Pelecypods;Bivalvia;Bivalvia;Veneroida;Trachycardium sp
6696;Pelecypods;Bivalvia;Bivalvia;Veneroida;Trachycardium magnum
6699;Pelecypods;Bivalvia;Bivalvia;Solemyida;Solemya occidentalis
6702;Pelecypods;Bivalvia;Bivalvia;Arcoida;Arca imbricata
6703;Pelecypods;Bivalvia;Bivalvia;Veneroida;Macoma cerina
6705;Pelecypods;Bivalvia;Bivalvia;Arcoida;Barbatia excustus
6707;Pelecypods;Bivalvia;Bivalvia;Decapoda;Papyridea soleniformis
6711;Pelecypods;Bivalvia;Bivalvia;Mytiloida;Lithophaga bisulcata
6712;Pelecypods;Bivalvia;Bivalvia;Veneroida;Antigona listeri
6715;Pelecypods;Bivalvia;Bivalvia;Arcoida;Glycymeris pectinata
6716;Pelecypods;Bivalvia;Bivalvia;Veneroida;Pitar fulminata
6719;Pelecypods;Bivalvia;Bivalvia;Pterioida;Atrina seminuda
6721;Pelecypods;Bivalvia;Bivalvia;Veneroida;Crassinella sp
6722;Pelecypods;Bivalvia;Bivalvia;Arcoida;Glycymeris decussata
6723;Pelecypods;Bivalvia;Bivalvia;Pterioida;Isognomon sp
6725;Pelecypods;Bivalvia;Bivalvia;Pectinoida;Pecten ziczac
6728;Pelecypods;Bivalvia;Bivalvia;Arcoida;Arca zebra
6730;Pelecypods;Bivalvia;Bivalvia;Pterioida;Pinnidae
6732;Pelecypods;Bivalvia;Bivalvia;Veneroida;Chama sarda
6733;Pelecypods;Bivalvia;Bivalvia;Veneroida;Ervilia nitens
6737;Pelecypods;Bivalvia;Bivalvia;Veneroida;Chione paphia
6741;Pelecypods;Bivalvia;Bivalvia;Arcoida;Barbatia cancellaria
6743;Pelecypods;Bivalvia;Bivalvia;Mytiloida;Brachidontes sp
6747;Pelecypods;Bivalvia;Bivalvia;Lucinoida;Codakia costata
6748;Pelecypods;Bivalvia;Bivalvia;Pterioida;Atrina rigida
6752;Pelecypods;Bivalvia;Bivalvia;Pectinoida;Lyropecten antillarum
6753;Pelecypods;Bivalvia;Bivalvia;Veneroida;Pseudochama sp
6754;Pelecypods;Bivalvia;Bivalvia;Arcoida;Barbatia domingensis
6756;Pelecypods;Bivalvia;Bivalvia;Mytiloida;Brachidontes citrinus
6757;Pelecypods;Bivalvia;Bivalvia;Ellobiida;Macoma cerina
6762;Pelecypods;Bivalvia;Bivalvia;Arcoida;Arca umbonata
6764;Pelecypods;Bivalvia;Bivalvia;Mytiloida;Crenella divaricata
6766;Pelecypods;Bivalvia;Bivalvia;Mytiloida;Brachidontes exustus
6767;Pelecypods;Bivalvia;Bivalvia;Pectinoida;Aequipecten gibbus
6768;Pelecypods;Bivalvia;Bivalvia;Pectinoida;Spondylus sp
6772;Pelecypods;Bivalvia;Bivalvia;Siphonostomatoida;Chlamys sp
6778;Pelecypods;Bivalvia;Bivalvia;Mytiloida;Volsella sp
6781;Pelecypods;Bivalvia;Bivalvia;Veneroida;Microcardium sp
6783;Pelecypods;Bivalvia;Bivalvia;Veneroida;Gouldia cerina
6785;Pelecypods;Bivalvia;Bivalvia;Ostreoida;Ostreidae
6786;Pelecypods;Bivalvia;Bivalvia;Veneroida;Tellina listeri
6788;Pelecypods;Bivalvia;Bivalvia;Pterioida;Isognomon alatus
6793;Pelecypods;Bivalvia;Bivalvia;Lucinoida;Codakia orbicularis
6794;Pelecypods;Bivalvia;Bivalvia;Nuculanoida;Nuculana sp
6797;Pelecypods;Bivalvia;Bivalvia;Veneroida;Trachycardium muricatum
6802;Pelecypods;Bivalvia;Bivalvia;Limoida;Lima pellucida
6807;Pelecypods;Bivalvia;Bivalvia;Pterioida;Pinna carnea
6809;Pelecypods;Bivalvia;Bivalvia;NA;Arcot sp
6810;Phanerogames;Spermatophyta;NA;NA;Spermatophyta
6834;Phanerogames débris;Spermatophyta;NA;NA;Spermatophyta
6838;Plants;Seagrass;Magnoliopsida;Alismatales;Thalassia testudinum
6839;Plants;Cyanobacteria;Cyanophyceae;Oscillatoriales;Lyngbya majuscula
6840;Plants;Algae;Xanthophyceae;Vaucheriales;Vaucheria sp
6841;Plants;Diatoms;NA;NA;Diatoms
6842;Plants;Plantae;NA;NA;Plantae
6843;Plants;Seagrass;Magnoliopsida;Alismatales;Thalassia sp
6844;Plants;Algae;Ulvophyceae;Ulvales;Enteromorpha sp
6845;Plants;Algae;Ulvophyceae;Cladophorales;Rhizoclonium riparium
6847;Plants;Seagrass;Magnoliopsida;Alismatales;Cymodocea sp
6848;Pogonophores;Polychaeta;Polychaeta;Sabellida;Siboglinidae
6862;Polychaeta;Polychaeta;Polychaeta;NA;Polychaeta
6876;Polychaeta;Polychaeta;Polychaeta;Sabellida;Serpulidae
6899;Polychaeta;Polychaeta;Polychaeta;Sabellida;Sabellidae
6902;Polychaeta;Polychaeta;Polychaeta;Eunicida;Arabellidae
6903;Polychaeta;Polychaeta;Polychaeta;NA;Polychaeta
6959;Polychaeta;Polychaeta;Polychaeta;NA;Polychaeta
6961;Polychaeta;Polychaeta;Polychaeta;Eunicida;Eunice sp
6963;Polychaeta;Polychaeta;Polychaeta;Capitellida;Capitellidae
7087;Polychaeta;Polychaeta;Polychaeta;Eunicida;Eunicidae
7097;Polychaeta;Polychaeta;Polychaeta;NA;Polynoidae
7115;Polychaetes;Polychaeta;Polychaeta;NA;Polychaeta
7122;Polychaetes;Polychaeta;Polychaeta;Sabellida;Sabellastarte magnifica
7124;Polychaetes;Polychaeta;Polychaeta;Flabelligerida;Semiodera sp
7127;Polychaetes;Polychaeta;Polychaeta;Eunicida;Chloeia sp
7130;Polychaetes;Polychaeta;Polychaeta;Eunicida;Onuphidae
7133;Polychaetes;Polychaeta;Polychaeta;Terebellida;Terebellidae
7134;Polychaetes;Polychaeta;Polychaeta;Terebellida;Flabelligeridae
7140;Polychaetes;Polychaeta;Polychaeta;Sabellida;Sabellidae
7145;Polychaetes;Polychaeta;Polychaeta;NA;Cariboa sp
7155;Polychaetes;Polychaeta;Polychaeta;NA;Opheliidae
7170;Polychaetes;Polychaeta;Polychaeta;Phyllodocida;Glyceridae
7180;Polychaetes;Polychaeta;Polychaeta;Sabellida;Serpulidae
7186;Polychaetes;Polychaeta;Polychaeta;NA;Maldanidae
7192;Polychaetes;Polychaeta;Polychaeta;Phyllodocida;Syllidae
7202;Polychaetes;Polychaeta;Polychaeta;Eunicida;Lumbrineridae
7212;Polychaetes;Polychaeta;Polychaeta;Terebellida;Pectinariidae
7214;Polychaetes;Polychaeta;Polychaeta;NA;Chaetopteridae
7227;Polychaetes;Polychaeta;Polychaeta;Phyllodocida;Nereidae
7229;Polychaetes;Polychaeta;Polychaeta;Eunicida;Eunicidae
7234;Polychaetes;Polychaeta;Polychaeta;NA;Polynoidae
7239;Polychaetes;Polychaeta;Polychaeta;Terebellida;Ampharetidae
7249;Polyplacophores;Polyplacophora;Polyplacophora;NA;Polyplacophora
7250;Polyplacophores;Polyplacophora;Polyplacophora;Chitonida;Ischnochiton papillosus
7259;Polyplacophores;Polyplacophora;Polyplacophora;Chitonida;Acanthochitona pygmaea
7266;Polyplacophores;Polyplacophora;Polyplacophora;Chitonida;Choneplax lata
7269;Polyplacophores;Polyplacophora;Polyplacophora;Chitonida;Calloplax janeirensis
7273;Polyplacophores;Polyplacophora;Polyplacophora;Chitonida;Ischnochiton sp
7291;Porifera;Porifera;NA;NA;Porifera
7293;Priapuloids;Priapulida;Priapulida;NA;Priapulida
7294;Prosobranch gastropods;Gastropoda;Gastropoda;NA;Prosobranchia
7311;Prosobranch gastropods;Gastropoda;Gastropoda;NA;Prosobranchia
7321;Protochordates;Hemichordata;NA;NA;Protochordata
7325;Pteropods;Zooplankton;Gastropoda;Pteropoda;Pteropoda
7326;Pteropods;Zooplankton;Gastropoda;Pteropoda;Cavolina longirostris
7327;Pteropods;Zooplankton;Gastropoda;Pteropoda;Cavolina sp
7328;Pteropods;Zooplankton;Gastropoda;Pteropoda;Cavoliniidae
7330;Pteropods;Zooplankton;Gastropoda;Pteropoda;Creseis sp
7337;Pycnogonides;Pycnogonida;Pycnogonida;NA;Pycnogonida
7373;Pycnogonids;Pycnogonida;Pycnogonida;NA;Pycnogonida
7376;Salps;Tunicata;Thaliacea;Salpida;Salpidae
7379;Sand;Inorganic;NA;NA;Inorganic
7439;Sand_algae;Algae;NA;NA;Algae
7440;Sand_Debris;Detritus;NA;NA;Detritus_OM
7442;Sand_Foraminifera;Foraminifera;NA;NA;Foraminifera
7445;Sand_Foraminifera_Debris;Detritus;NA;NA;Organic
7447;Sand_OM;Detritus;NA;NA;Detritus_OM
7451;Sand_Pebbles;Inorganic;NA;NA;Inorganic
7452;Scaphopodes;Scaphopoda;Scaphopoda;NA;Scaphopoda
7456;Scaphopods;Scaphopoda;Scaphopoda;NA;Scaphopoda
7457;Scaphopods;Scaphopoda;Scaphopoda;Gadilida;Cadulus sp
7459;Scaphopods;Scaphopoda;Scaphopoda;Dentaliida;Dentalium sp
7468;Scaphopods;Scaphopoda;Scaphopoda;Dentaliida;Dentalium semistriolatum
7472;Scyllarid lobster;Scyllaridae;Malacostraca;Decapoda;Scyllarides aequinoctialis
7473;Scyllarid_lobster;Scyllaridae;Malacostraca;Decapoda;Scyllaridae
7480;Scyllarid_lobster;Scyllaridae;Malacostraca;Decapoda;Scyllarides aequinoctialis
7481;Scyllarus;Scyllaridae;Malacostraca;Decapoda;Scyllarus sp
7483;Scyphozoans;Scyphozoa;Scyphozoa;NA;Scyphozoa
7485;Sea turtles;Sea turtles;Reptilia;Testudines;Caretta caretta
7486;Sea turtles;Sea turtles;Reptilia;Testudines;Eretmochelys imbricata
7487;Seagrass;Seagrass;NA;NA;Seagrass
7488;Seagrass;Seagrass;Magnoliopsida;Alismatales;Cymodocea manatorum
7489;Seagrass;Seagrass;Magnoliopsida;Alismatales;Thalassia testudinum
7504;Seagrass;Seagrass;Magnoliopsida;Alismatales;Ruppia maritima
7510;Porifera;Porifera;NA;NA;Porifera
7523;Shrimp;Shrimp;Malacostraca;Decapoda;Palaemonidae
7524;Shrimp;Shrimp;Malacostraca;Decapoda;Shrimp
7531;Shrimp;Shrimp;Malacostraca;Decapoda;Hippolytidae
7532;Shrimp;Shrimp;Malacostraca;Decapoda;Alpheidae
7534;Shrimp;Shrimp;Malacostraca;Decapoda;Penaeidae
7540;Shrimp;Shrimp;Malacostraca;Decapoda;Periclimenes sp
7542;Shrimp;Shrimp;Malacostraca;Decapoda;Tozeuma sp
7551;Shrimp;Shrimp;Malacostraca;Decapoda;Caridea
7562;Shrimp;Shrimp;Malacostraca;Decapoda;Callianassa sp
7566;Shrimp;Shrimp;Malacostraca;Decapoda;Synalpheus sp
7574;Shrimp;Shrimp;Malacostraca;Decapoda;Axiidae
7607;Shrimp;Shrimp;Malacostraca;Decapoda;Gnathophyllidae
7625;Shrimp;Shrimp;Malacostraca;Decapoda;Penaeopsis goodei
7629;Shrimp;Shrimp;Malacostraca;Decapoda;Lucifer sp
7636;Shrimp;Shrimp;Malacostraca;Decapoda;Alpheus sp
7637;Shrimp;Shrimp;Malacostraca;Decapoda;Shrimp
7655;Shrimp;Shrimp;Malacostraca;Decapoda;Saron marmoratus
7688;Shrimp;Shrimp;Malacostraca;Decapoda;Gnathophylloides mineri
7716;Shrimp;Shrimp;Malacostraca;Decapoda;Stenopus hispidus
7747;Shrimp;Shrimp;Malacostraca;Decapoda;Leander sp
7767;Shrimp;Shrimp;Malacostraca;Decapoda;Solenocera sp
7785;Shrimp;Shrimp;Malacostraca;Decapoda;Lucifer faxani
7807;Shrimp;Shrimp;Malacostraca;Decapoda;Processa sp
7847;Shrimp;Shrimp;Malacostraca;Decapoda;Penaeopsis sp
7878;Shrimp;Shrimp;Malacostraca;Decapoda;Alpheus ventrosus
7884;Shrimp;Shrimp;Malacostraca;Decapoda;Lysmata moorei
7885;Shrimp;Shrimp;Malacostraca;Decapoda;Trachycaris restrictus
7934;Shrimp;Shrimp;Malacostraca;Decapoda;Stenopodidea
7938;Shrimp;Shrimp;Malacostraca;Decapoda;Brachycarpus biunguiculatus
8006;Shrimp;Shrimp;Malacostraca;Decapoda;Trachypenaeus sp
8038;Shrimp;Shrimp;Malacostraca;Decapoda;Sicyonia laevigata
8103;Siphonophores;Hydrozoa;Hydrozoa;Siphonophorae;Siphonophorae
8119;Sipunculid_introverts;Sipuncula;NA;NA;Sipuncula
8142;Sipunculidae_frags;Sipuncula;NA;NA;Sipuncula
8143;Sipunculides;Sipuncula;NA;NA;Sipuncula
8215;Sipunculids;Sipuncula;Phascolosomatidea;Aspidosiphonida;Aspidosiphon sp
8217;Sipunculids;Sipuncula;Sipunculidea;Golfingiida;Siphonosoma cumanense
8218;Sipunculids;Sipuncula;NA;NA;Sipuncula
8220;Sipunculids;Sipuncula;Phascolosomatidea;Aspidosiphonida;Aspidosiphon cumingi
8234;Sipunculids;Sipuncula;Phascolosomatidea;Aspidosiphonida;Aspidosiphon spinososcutatus
8235;Sipunculids;Sipuncula;Phascolosomatidea;Aspidosiphonida;Aspidosiphon speciosus
8238;Sp_unid;Animalia;NA;NA;Animalia
8248;Spermatophytes (inc seagrass;Seagrass;Magnoliopsida;Alismatales;Halophila baillonis
8250;Spermatophytes (inc seagrass;Spermatophyta;NA;NA;Spermatophyta
8253;Spermatophytes (inc seagrass;Seagrass;Magnoliopsida;Alismatales;Thalassia testudinum
8255;Spermatophytes (inc seagrass;Seagrass;Magnoliopsida;Alismatales;Cymodocea manatorum
8270;Spiny_lobster;Palinuridae;Malacostraca;Decapoda;Panulirus argus
8271;Spiny_lobster;Palinuridae;Malacostraca;Decapoda;Palinuridae
8274;Spiny_lobster;Palinuridae;Malacostraca;Decapoda;Panulirus guttatus
8279;Sponge;Porifera;Calcarea;NA;Calcarea
8280;Sponges;Porifera;NA;NA;Porifera
8288;Sponges;Porifera;Demospongiae;Poecilosclerida;Mycale sp
8315;Squids;Cephalopoda;Cephalopoda;Teuthida;Teuthida
8317;Squids;Cephalopoda;Cephalopoda;Teuthida;Sepiatheuthis sepioidae
8319;Squids;Cephalopoda;Cephalopoda;Teuthida;Dorytheuthis plei
8323;Squids;Cephalopoda;Cephalopoda;Teuthida;Dorytheuthis sp
8325;Stomatopoda;Stomatopoda;Malacostraca;Stomatopoda;Stomatopoda
8388;Stomatopoda_larvae;Stomatopoda;Malacostraca;Stomatopoda;Stomatopoda
8396;Stomatopods;Stomatopoda;Malacostraca;Stomatopoda;Stomatopoda
8397;Stomatopods;Stomatopoda;Malacostraca;Stomatopoda;Odontodactylus sp
8401;Stomatopods;Stomatopoda;Malacostraca;Stomatopoda;Pseudosquilla ciliata
8403;Stomatopods;Stomatopoda;Malacostraca;Stomatopoda;Gonodactylus curacaoensis
8419;Stomatopods;Stomatopoda;Malacostraca;Stomatopoda;Gonodactylus oerstedii
8420;Stomatopods;Stomatopoda;Malacostraca;Stomatopoda;Squilla hyalina
8423;Stomatopods;Stomatopoda;Malacostraca;Stomatopoda;Gonodactylus sp
8424;Stomatopods;Stomatopoda;Malacostraca;Stomatopoda;Lysiosquilla glabriuscula
8438;Stomatopods;Stomatopoda;Malacostraca;Stomatopoda;Squillus sp
8459;Stomatopods;Stomatopoda;Malacostraca;Stomatopoda;Nannosquilla sp
8466;Stomatopods;Stomatopoda;Malacostraca;Stomatopoda;Squilla tricarinata
8470;Stomatopods;Stomatopoda;Malacostraca;Stomatopoda;Squilla sp
8483;Tanaidacés;Tanaidacea;Malacostraca;Tanaidacea;Tanaidacea
8488;Copepoda;Copepoda;Malacostraca;Tanaidacea;Calanoida
8542;Tanaids;Tanaidacea;Malacostraca;Tanaidacea;Tanaidacea
8562;Tanaids;Tanaidacea;Malacostraca;Tanaidacea;Apseudidae
8578;Tunicates;Tunicata;Ascidiacea;Enterogona;Ascidia nigra
8579;Tunicates;Tunicata;NA;NA;Tunicata
8584;Tunicates;Tunicata;Ascidiacea;Enterogona;Didemnidae
8585;Tunicates;Tunicata;Appendicularia;Copelata;Oikopleura sp
8586;Tunicates;Tunicata;Thaliacea;Salpida;Salpidae
8588;Tunicates;Tunicata;Ascidiacea;Enterogona;Ecteinascidia turbinata
8589;Tunicates;Tunicata;Appendicularia;NA;Appendicularia
8590;Tunicates;Tunicata;Ascidiacea;Stolidobranchia;Boltenia sp
8592;Tunicates;Tunicata;Ascidiacea;Enterogona;Trididemnum savignii
8594;Tunicates;Tunicata;Ascidiacea;Stolidobranchia;Polycarpa insulsa
8602;Tunicates;Tunicata;Ascidiacea;NA;Ascidiacea
8621;Tunicates;Tunicata;Ascidiacea;Enterogona;Trididemnum sp
8634;Tunicates;Tunicata;Ascidiacea;Stolidobranchia;Microcosmus exasperatus
8639;Vertebrate_muscle_tissue;Animalia;NA;NA;Animalia
8640;Wood_splinters;NA;NA;NA;NA
8641;Worms_unid;Animalia;NA;NA;Animalia
8645;Zoanthaires;Zoantharia;Anthozoa;Zoantharia;Zoantharia
8648;Gastropoda;Gastropoda;Gastropoda;NA;Gastropoda
8649;Pelecypods;Bivalvia;Bivalvia;NA;Bivalvia
8651;Algae;Algae;NA;NA;Algae
8655;Zoantharians;Zoantharia;Anthozoa;Zoantharia;Zoantharia
8656;Zoantharians;Zoantharia;Anthozoa;Zoantharia;Zoanthus sp
8660;Zoantharians;Zoantharia;Anthozoa;Zoantharia;Zoanthus sociatus
8667;Zoantharians;Zoantharia;Anthozoa;Zoantharia;Zoanthus pulchellus
8670;Zoantharians;Zoantharia;Anthozoa;Corallimorpharia;Rhodactis sanctithomae
8673;Zoantharians;Zoantharia;Anthozoa;Zoantharia;Palythoa sp
8678;NA;Crab;Malacostraca;Decapoda;Galatheidae
8685;NA;NA;NA;NA;NA
